"bin_midpoint","stage.x","hemisphere","slope","intercept","slope_se","slope_lower_95","slope_upper_95","p_value","r_squared","n_cells_model","method","label","color","n_cells","n_valid_lat_bins","min_abs_lat","max_abs_lat","lat_range","sum_nT","mean_nT","median_nT","mean_t_over_nT","max_t_over_nT","prop_high_extrapolation","slope_direction","bin","stage.y","short","bottom","top","dur","climate_state","climate_color"
0.00585,"Holocene","Northern",-0.88473927337835,76.4746986710087,0.260423988752272,-1.3951702913328,-0.374308255423897,0.00529603666913819,0.490265550968881,14,"grid_cell_all_cells_OLS","good","Northern",14,3,10.5993221770777,82.9884517635243,72.3891295864466,1167,83.3571428571429,42,0.854208092157354,1.59238944271563,0.142857142857143,"normal_LDG",97,"Holocene","Hol",0.0117,0,0.0117,"Coldhouse","#B2CCC7"
1.29585,"Pleistocene","Northern",-0.732297100036348,56.0879386445075,0.205883264243084,-1.13582829795279,-0.328765902119903,0.00102545057311267,0.249771335036144,40,"grid_cell_all_cells_OLS","good","Northern",40,3,10.8100218778118,79.841380966896,69.0313590890842,19025,475.625,159,0.716439033267173,1.68721150432237,0.075,"normal_LDG",96,"Pleistocene","Ple",2.58,0.0117,2.5683,"Coldhouse","#B2CCC7"
3.09,"Piacenzian","Northern",-0.80652661228314,68.9466304073541,0.420592960762717,-1.63088881537807,0.0178355908117859,0.0773986980185291,0.220491126113453,15,"grid_cell_all_cells_OLS","good","Northern",15,3,10.5993221751266,66.4175214325077,55.8181992573811,6898,459.866666666667,320,0.604340928427062,1.35497779899044,0,"normal_LDG",95,"Piacenzian","Pia",3.6,2.58,1.02,"Coldhouse","#B2CCC7"
4.4665,"Zanclean","Northern",-0.645427484906266,55.734173861141,0.321979918023032,-1.27650812423141,-0.0143468455811242,0.0551336818909177,0.129544803906028,29,"grid_cell_all_cells_OLS","good","Northern",29,3,3.61254422601775,66.4175214325077,62.80497720649,8018,276.48275862069,144,0.883106179501365,1.93198009973074,0.275862068965517,"normal_LDG",94,"Zanclean","Zan",5.333,3.6,1.733,"Coldhouse","#B2CCC7"
6.2895,"Messinian","Northern",-2.23014527967166,113.372314613649,0.537667584428909,-3.28397374515232,-1.176316814191,0.00321862389888937,0.682594639332243,10,"grid_cell_all_cells_OLS","good","Northern",10,3,10.8100218778118,45.5739942769584,34.7639723991466,4436,443.6,234.5,0.560190127345113,1.73051389917203,0.1,"normal_LDG",93,"Messinian","Mes",7.246,5.333,1.913,"Coldhouse","#B2CCC7"
9.438,"Tortonian","Northern",-0.49850761611564,49.8114926975454,0.236785493103388,-0.96260718259828,-0.0344080496329993,0.0463890261274304,0.161573637414294,25,"grid_cell_all_cells_OLS","good","Northern",25,3,3.61254422601775,73.8495458966174,70.2370016705997,10706,428.24,166,0.702348627437195,1.77426853710394,0.08,"normal_LDG",92,"Tortonian","Tor",11.63,7.246,4.384,"Coolhouse","#B3D8D0"
12.725,"Serravallian","Northern",0.486769109441543,12.5854509361391,0.333730940067447,-0.167343533090653,1.14088175197374,0.157648206940572,0.0814247741800817,26,"grid_cell_all_cells_OLS","good","Northern",26,3,7.26849383904668,59.8661434807237,52.597649641677,8862,340.846153846154,104,0.773163250606069,1.74839493172563,0.0769230769230769,"reverse_LDG",91,"Serravallian","Ser",13.82,11.63,2.19,"Transitional","#E4E4E4"
14.9,"Langhian","Northern",-0.474608961590004,49.4541008768844,0.808497976671915,-2.05926499586696,1.11004707268695,0.570201505621019,0.0333119713455477,12,"grid_cell_all_cells_OLS","good","Northern",12,3,10.5993221751266,52.5833589733677,41.9840367982411,2374,197.833333333333,148,0.932587514089437,1.69931122112038,0.166666666666667,"normal_LDG",90,"Langhian","Lan",15.98,13.82,2.16,"Transitional","#E4E4E4"
18.215,"Burdigalian","Northern",0.189899474084757,15.9708385279826,0.32651232333049,-0.450064679643005,0.829863627812518,0.565330208240239,0.0115295947520992,31,"grid_cell_all_cells_OLS","good","Northern",31,3,10.5993221751266,59.8661434807237,49.2668213055971,9872,318.451612903226,109,0.911631799394954,1.98703931713944,0.161290322580645,"reverse_LDG",89,"Burdigalian","Bur",20.45,15.98,4.47,"Transitional","#E4E4E4"
21.745,"Aquitanian","Northern",-0.867084030415968,62.3496460619674,0.936290664626923,-2.70221373308474,0.968045672252801,0.396902140650926,0.146412751744559,7,"grid_cell_all_cells_OLS","good","Northern",7,3,10.8100218778118,47.8962635996979,37.0862417218861,556,79.4285714285714,40,0.745267659397802,1.22790344500156,0,"normal_LDG",88,"Aquitanian","Aqu",23.04,20.45,2.59,"Coolhouse","#B3D8D0"
25.17,"Chattian","Northern",0.300729232988917,23.4019054729414,0.479254110230227,-0.638608823062327,1.24006728904016,0.538673119783566,0.0226373923985074,19,"grid_cell_all_cells_OLS","good","Northern",19,3,10.8100218778118,58.4975317557422,47.6875098779304,3391,178.473684210526,143,0.812435830957283,1.60839325422232,0.0526315789473684,"reverse_LDG",87,"Chattian","Cht",27.3,23.04,4.26,"Transitional","#E4E4E4"
30.6,"Rupelian","Northern",0.405989963502318,11.0372179158458,0.309346969305074,-0.200330096335627,1.01231002334026,0.2035461044013,0.0758026337971806,23,"grid_cell_all_cells_OLS","good","Northern",23,3,3.99517990899584,59.866143480929,55.8709635719332,7037,305.95652173913,114,0.767193355234862,1.86999332474669,0.130434782608696,"reverse_LDG",86,"Rupelian","Rup",33.9,27.3,6.6,"Transitional","#E4E4E4"
35.805,"Priabonian","Northern",0.511823649477461,12.6331559705959,0.391461938385444,-0.255441749758008,1.27908904871293,0.203973844287672,0.0691828063070241,25,"grid_cell_all_cells_OLS","good","Northern",25,3,3.61254422601775,52.5676550152151,48.9551107891973,4480,179.2,123,0.911716294986486,1.69292100494687,0.04,"reverse_LDG",85,"Priabonian","Prb",37.71,33.9,3.81,"Warmhouse","#DECABC"
39.37,"Bartonian","Northern",-0.0119193442502834,22.1678393103053,0.448319196886195,-0.890624970147225,0.866786281646659,0.979066614850741,3.72014868000249e-05,21,"grid_cell_all_cells_OLS","good","Northern",21,3,16.0751815290455,59.8661434807237,43.7909619516782,10523,501.095238095238,76,0.770974503385166,1.69931122112038,0.0952380952380952,"normal_LDG",84,"Bartonian","Brt",41.03,37.71,3.32,"Warmhouse","#DECABC"
44.55,"Lutetian","Northern",0.132007133117844,17.0288447531916,0.28589988289632,-0.428356637358943,0.69237090359463,0.648615929807219,0.00918400301087524,25,"grid_cell_all_cells_OLS","good","Northern",25,3,9.27928154252489e-10,59.7585569074557,59.7585569065278,7926,317.04,101,0.75730214215729,1.54985113281706,0.12,"reverse_LDG",83,"Lutetian","Lut",48.07,41.03,7.04,"Warmhouse","#DECABC"
52.035,"Ypresian","Northern",0.572930994887207,14.592404259357,0.575614924363988,-0.555274256866211,1.70113624664062,0.336465265240502,0.0660874109313491,16,"grid_cell_all_cells_OLS","good","Northern",16,3,4.08713792685411,51.9932841068581,47.906146180004,5974,373.375,208.5,0.601757455059274,1.88430466469782,0.0625,"reverse_LDG",82,"Ypresian","Ypr",56,48.07,7.93,"Hothouse","#D6B6B7"
57.62,"Thanetian","Northern",-0.00919423602553211,46.2598141959205,0.731847406857045,-1.44361515346534,1.42522668141428,0.99028404876739,1.97283909233445e-05,10,"grid_cell_all_cells_OLS","good","Northern",10,3,7.19887659856558,72.0740681049143,64.8751915063487,2138,213.8,134.5,0.660496147638343,1.44042422064224,0,"normal_LDG",81,"Thanetian","Th",59.24,56,3.24,"Warmhouse","#DECABC"
60.45,"Selandian","Northern",0.590810386578334,47.1236273825276,0.866255910446852,-1.1070511978975,2.28867197105416,0.565610601977464,0.188694149114381,4,"grid_cell_all_cells_OLS","bad","Bad hemisphere",4,2,37.1280761101847,66.4175214325077,29.289445322323,1178,294.5,298.5,0.759689129047971,1.30903311702407,0,"reverse_LDG",80,"Selandian","Se",61.66,59.24,2.42,"Hothouse","#D6B6B7"
63.83,"Danian","Northern",5.22868153564239,-168.015977656151,1.35128483977517,2.58016324968305,7.87719982160173,0.00827148771766585,0.713909311117264,8,"grid_cell_all_cells_OLS","bad","Bad hemisphere",8,2,29.3975296822099,46.446619081476,17.0490893992661,2490,311.25,253,0.681528248009396,1.41533738713638,0,"reverse_LDG",79,"Danian","Dan",66,61.66,4.34,"Hothouse","#D6B6B7"
69.1,"Maastrichtian","Northern",0.655810513279554,6.77519008349192,0.352520484808107,-0.0351296369443361,1.34675066350344,0.074640117474521,0.121601666340788,27,"grid_cell_all_cells_OLS","good","Northern",27,3,3.99517990899584,56.8320827812714,52.8369028722756,15192,562.666666666667,172,0.473426668467005,1.58299408931909,0.037037037037037,"reverse_LDG",78,"Maastrichtian","Maa",72.2,66,6.2,"Transitional","#E4E4E4"
77.9,"Campanian","Northern",-0.0316754916377718,15.5446647819669,0.14013098688845,-0.306332225939133,0.242981242663589,0.822192306764181,0.00113415657862195,47,"grid_cell_all_cells_OLS","good","Northern",47,3,3.99517990899584,75.4880138837914,71.4928339747956,6805,144.787234042553,43,0.692223957828346,1.97121922512416,0.0851063829787234,"normal_LDG",77,"Campanian","Cam",83.6,72.2,11.4,"Warmhouse","#DECABC"
84.65,"Santonian","Northern",0.225886909269817,10.1572766240991,0.40941093243808,-0.57655851830882,1.02833233684845,0.587914057910492,0.0166305820172491,20,"grid_cell_all_cells_OLS","good","Northern",20,3,13.9241265294246,56.8320827812714,42.9079562518468,1224,61.2,29.5,0.698648999096279,1.73081931712196,0.1,"reverse_LDG",76,"Santonian","San",85.7,83.6,2.1,"Hothouse","#D6B6B7"
87.75,"Coniacian","Northern",-0.313454630006522,31.1995260918509,0.413629041555408,-1.12416755145512,0.497258291442078,0.458368479644095,0.0309182731985861,20,"grid_cell_all_cells_OLS","good","Northern",20,3,7.19887659860661,56.8320827812714,49.6332061826648,691,34.55,18,0.845373991835746,1.99360975604642,0.15,"normal_LDG",75,"Coniacian","Con",89.8,85.7,4.1,"Hothouse","#D6B6B7"
91.85,"Turonian","Northern",-0.247627896377166,34.012434308355,0.329450951503291,-0.893351761323616,0.398095968569284,0.458770974284593,0.0204955812620282,29,"grid_cell_all_cells_OLS","good","Northern",29,3,7.19887659860661,62.2141685429068,55.0152919443002,2708,93.3793103448276,34,0.700010702523994,1.92666515849871,0.103448275862069,"normal_LDG",74,"Turonian","Tur",93.9,89.8,4.1,"Hothouse","#D6B6B7"
97.2,"Cenomanian","Northern",-0.151141018168649,41.9720097965836,0.331750097606378,-0.80137120947715,0.499089173139852,0.652329922106134,0.00762874294282118,29,"grid_cell_all_cells_OLS","good","Northern",29,3,5.59231793698182e-09,62.2141685432899,62.2141685376976,4795,165.344827586207,63,0.663113652009693,1.9719315793372,0.0689655172413793,"normal_LDG",73,"Cenomanian","Cen",100.5,93.9,6.6,"Hothouse","#D6B6B7"
106.85,"Albian","Northern",-0.139422407023672,19.286476785471,0.231256359365297,-0.592684871379655,0.313840057332311,0.552480095303111,0.0155575173781051,25,"grid_cell_all_cells_OLS","good","Northern",25,3,4.08713792775566,75.4880138836507,71.400875955895,2437,97.48,28,0.84804167092751,1.69931122112038,0.16,"normal_LDG",72,"Albian","Alb",113.2,100.5,12.7,"Warmhouse","#DECABC"
117.3,"Aptian","Northern",-0.409479586599915,45.357513803825,0.381720376150106,-1.15765152385412,0.338692350654292,0.298388547583547,0.0633986054225967,19,"grid_cell_all_cells_OLS","good","Northern",19,3,7.19887659860661,75.4880138837914,68.2891372851848,2036,107.157894736842,50,0.948525394170765,1.72718933272369,0.105263157894737,"normal_LDG",71,"Aptian","Apt",121.4,113.2,8.2,"Hothouse","#D6B6B7"
123.585,"Barremian","Northern",-0.403523276277294,53.8427488805189,0.859619382806271,-2.08837726657758,1.281330714023,0.655342261549518,0.0354249744644776,8,"grid_cell_all_cells_OLS","bad","Bad hemisphere",8,2,27.2928891757444,75.4880138837914,48.195124708047,180,22.5,19,0.834797790291673,1.69931122112038,0.25,"normal_LDG",70,"Barremian","Bar",125.77,121.4,4.37,"Hothouse","#D6B6B7"
129.185,"Hauterivian","Northern",-1.13274382092216,78.0072381217024,0.965414269511069,-3.02495578916385,0.759468147319537,0.285130431677993,0.186627000958044,8,"grid_cell_all_cells_OLS","bad","Bad hemisphere",8,2,33.8171496417592,58.282525589545,24.4653759477858,943,117.875,30,0.444277345441871,1.03371593383264,0,"normal_LDG",69,"Hauterivian","Hau",132.6,125.77,6.83,"Warmhouse","#DECABC"
134.825,"Valanginian","Northern",-0.685109813849255,76.5419418731187,0.501206771834823,-1.66747508664551,0.297255458946999,0.198935631413736,0.145197636222607,13,"grid_cell_all_cells_OLS","bad","Bad hemisphere",13,2,33.1679172221827,79.841380966896,46.6734637447133,962,74,32,0.663201853036744,1.60722901523434,0.0769230769230769,"normal_LDG",68,"Valanginian","Val",137.05,132.6,4.45,"Warmhouse","#DECABC"
140.075,"Berriasian","Northern",-0.17061772314046,49.045271370253,0.488138639194519,-1.12736945596172,0.786134009680798,0.731251613422255,0.00757771794099184,18,"grid_cell_all_cells_OLS","bad","Bad hemisphere",18,2,27.4317686094502,79.1899781183956,51.7582095089454,668,37.1111111111111,30.5,0.720039577373799,1.43449010539151,0,"normal_LDG",67,"Berriasian","Ber",143.1,137.05,6.05,"Warmhouse","#DECABC"
146.15,"Tithonian","Northern",-0.220208908778021,34.9989742324155,0.358851047799138,-0.923556962464331,0.483139144908289,0.548640327711126,0.0244896157013136,17,"grid_cell_all_cells_OLS","good","Northern",17,3,4.08531505163447,75.4880138838721,71.4026988322376,2524,148.470588235294,18,0.715838812133707,1.69931122112038,0.117647058823529,"normal_LDG",66,"Tithonian","Tit",149.2,143.1,6.1,"Warmhouse","#DECABC"
152,"Kimmeridgian","Northern",-0.130811445823444,33.0193286323259,0.554876899173659,-1.21837016820382,0.956747276556928,0.820376615939031,0.00787708700458293,9,"grid_cell_all_cells_OLS","good","Northern",9,3,5.59231793698182e-09,72.0740681049143,72.074068099322,1937,215.222222222222,80,0.704567317157465,1.42092395389674,0,"normal_LDG",65,"Kimmeridgian","Kim",154.8,149.2,5.6,"Transitional","#E4E4E4"
158.15,"Oxfordian","Northern",-0.382901811344689,39.4320324436171,0.327420448228688,-1.02464588987292,0.25884226718354,0.258358509751258,0.0744578552199178,19,"grid_cell_all_cells_OLS","good","Northern",19,3,5.59231793698182e-09,73.8495458980224,73.8495458924301,3921,206.368421052632,38,0.673682066837521,1.78020846153303,0.210526315789474,"normal_LDG",64,"Oxfordian","Oxf",161.5,154.8,6.7,"Transitional","#E4E4E4"
163.4,"Callovian","Northern",-0.979226972949207,63.5466403457172,0.376633693763951,-1.71742901272655,-0.241024933171863,0.0181014565973676,0.273012638411924,20,"grid_cell_all_cells_OLS","good","Northern",20,3,5.59231793698182e-09,55.7795906866156,55.7795906810233,2596,129.8,48,0.582727793705923,1.89327120758594,0.05,"normal_LDG",63,"Callovian","Cal",165.3,161.5,3.8,"Coolhouse","#B3D8D0"
166.75,"Bathonian","Northern",0.0322486181152892,19.8104524162795,0.377440086279832,-0.707533950993182,0.772031187223761,0.932805222614348,0.000384065894067103,21,"grid_cell_all_cells_OLS","good","Northern",21,3,5.59231793698182e-09,55.7795906866156,55.7795906810233,3781,180.047619047619,48,0.510118400659549,1.79629386996965,0.0952380952380952,"reverse_LDG",62,"Bathonian","Bat",168.2,165.3,2.9,"Coldhouse","#B2CCC7"
169.55,"Bajocian","Northern",-0.0297227767397685,16.4358011459264,0.300723247974395,-0.619140342769583,0.559694789290046,0.922162239210146,0.000443842892659664,24,"grid_cell_all_cells_OLS","good","Northern",24,3,5.59231793698182e-09,71.9435853518725,71.9435853462802,1891,78.7916666666667,36,0.771316519477187,1.96102357892451,0.125,"normal_LDG",61,"Bajocian","Baj",170.9,168.2,2.7,"Coolhouse","#B3D8D0"
172.8,"Aalenian","Northern",-0.156359052678571,30.4038345998349,0.620207688521868,-1.37196612218143,1.05924801682429,0.805606354020158,0.00574482685293038,13,"grid_cell_all_cells_OLS","bad","Bad hemisphere",13,2,21.1896109382409,72.0740681024471,50.8844571642062,1146,88.1538461538462,58,0.49188335254225,1.9163023606767,0.0769230769230769,"normal_LDG",60,"Aalenian","Aal",174.7,170.9,3.8,"Transitional","#E4E4E4"
179.45,"Toarcian","Northern",-0.0972806488769346,34.0029782692158,0.323325188232632,-0.730998017812893,0.536436720059023,0.76646810391177,0.0042922640009288,23,"grid_cell_all_cells_OLS","good","Northern",23,3,5.59231793698182e-09,75.4880138838721,75.4880138782798,5097,221.608695652174,41,0.611452169547496,1.69931122112038,0.0869565217391304,"normal_LDG",59,"Toarcian","Toa",184.2,174.7,9.5,"Warmhouse","#DECABC"
188.55,"Pliensbachian","Northern",-0.36478358248178,46.974542089865,0.348276953970114,-1.0474064122632,0.317839247299645,0.305800081052569,0.0455257864792459,25,"grid_cell_all_cells_OLS","good","Northern",25,3,7.26849383904668,82.9884517635243,75.7199579244776,5042,201.68,31,0.651601385169457,1.85262588837693,0.16,"normal_LDG",58,"Pliensbachian","Plb",192.9,184.2,8.7,"Transitional","#E4E4E4"
196.2,"Sinemurian","Northern",-0.601021030038391,58.9666112761111,0.455129601989378,-1.49307504993757,0.29103298986079,0.204154930267265,0.0930358577714713,19,"grid_cell_all_cells_OLS","good","Northern",19,3,12.0022333469104,67.5278428630317,55.5256095161213,1504,79.1578947368421,44,0.814806724999517,1.99360975604642,0.105263157894737,"normal_LDG",57,"Sinemurian","Sin",199.5,192.9,6.6,"Transitional","#E4E4E4"
200.45,"Hettangian","Northern",0.0271108598127265,30.6696576057383,0.568995568835609,-1.08812045510507,1.14234217473052,0.963038238316251,0.000252183558668615,11,"grid_cell_all_cells_OLS","good","Northern",11,3,15.5462647432579,67.5278428630317,51.9815781197738,674,61.2727272727273,24,0.679178772314311,1.40589926421047,0,"reverse_LDG",56,"Hettangian","Het",201.4,199.5,1.9,"Transitional","#E4E4E4"
203.55,"Rhaetian","Northern",-0.318859518672507,42.1039968074621,0.280704369180294,-0.869040082265883,0.231321044920868,0.278165066841567,0.0970878085487974,14,"grid_cell_all_cells_OLS","good","Northern",14,3,15.5462647432579,86.38745577256,70.8411910293021,1820,130,16,0.788366232377769,1.92666515849871,0.142857142857143,"normal_LDG",55,"Rhaetian","Rha",205.7,201.4,4.3,"Coolhouse","#B3D8D0"
216.5,"Norian","Northern",-0.198315809853878,33.3053522612,0.272671506139411,-0.732751961887123,0.336120342179367,0.476935766574066,0.0301771790352559,19,"grid_cell_all_cells_OLS","good","Northern",19,3,3.61254422601775,79.8413809657469,76.2288367397291,1537,80.8947368421053,54,0.831392052669396,1.69164763048724,0.157894736842105,"normal_LDG",54,"Norian","Nor",227.3,205.7,21.6,"Transitional","#E4E4E4"
232.15,"Carnian","Northern",-0.191575826262093,20.5819904218763,0.184152000753981,-0.552513747739897,0.16936209521571,0.312764622361062,0.0598516332186499,19,"grid_cell_all_cells_OLS","good","Northern",19,3,3.6522458208122,86.38745577256,82.7352099517478,2902,152.736842105263,25,0.874071227115922,1.8023531126321,0.157894736842105,"normal_LDG",53,"Carnian","Car",237,227.3,9.7,"Transitional","#E4E4E4"
239.232,"Ladinian","Northern",-0.319283842990285,32.69695054986,0.26700812632057,-0.842619770578603,0.204052084598032,0.254876074504654,0.106471218840636,14,"grid_cell_all_cells_OLS","good","Northern",14,3,4.08713792685411,79.841380966896,75.7542430400419,1257,89.7857142857143,57.5,0.522801246915229,1.11105917164245,0,"normal_LDG",52,"Ladinian","Lad",241.464,237,4.464,"Coolhouse","#B3D8D0"
244.082,"Anisian","Northern",-0.305138546420548,49.103381268628,0.388815328257969,-1.06721658980617,0.456939496965071,0.445653978274953,0.0421387788734511,16,"grid_cell_all_cells_OLS","good","Northern",16,3,1.89529855723834e-09,65.0900301585986,65.0900301567033,3585,224.0625,125,0.717298578500955,1.82856119825238,0.125,"normal_LDG",51,"Anisian","Ani",246.7,241.464,5.236,"Warmhouse","#DECABC"
248.3,"Olenekian","Northern",0.0689486957655925,43.8457592996246,0.374950053197001,-0.665953408500529,0.803850800031714,0.856738402547224,0.00240951444699866,16,"grid_cell_all_cells_OLS","good","Northern",16,3,3.81498050304599e-09,65.0900301585986,65.0900301547836,1345,84.0625,25,0.461343815485866,0.8592481478421,0,"reverse_LDG",50,"Olenekian","Ole",249.9,246.7,3.2,"Warmhouse","#DECABC"
250.901,"Induan","Northern",-0.122033379749335,38.9298251762631,0.221205310117939,-0.555595787580496,0.311529028081825,0.586731800031535,0.0136450995396306,24,"grid_cell_all_cells_OLS","good","Northern",24,3,3.81498050304599e-09,79.1899781207881,79.1899781169731,3330,138.75,51,0.503123295498425,1.69931122112038,0.0833333333333333,"normal_LDG",49,"Induan","Ind",251.902,249.9,2.002,"Hothouse","#D6B6B7"
253.021,"Changhsingian","Northern",-0.576135978034822,47.0542590309778,0.278191333222419,-1.12139099115076,-0.0308809649188798,0.0605800413102302,0.263309543027171,14,"grid_cell_all_cells_OLS","good","Northern",14,3,5.59231793698182e-09,79.1899781207881,79.1899781151958,4279,305.642857142857,85,0.438682203839719,1.18006634467245,0,"normal_LDG",48,"Changhsingian","Chg",254.14,251.902,2.238,"Coldhouse","#B2CCC7"
256.825,"Wuchiapingian","Northern",-0.410323701917027,42.146502992564,0.255111850780211,-0.91034292944624,0.0896955256121856,0.122003739001082,0.105217232009256,24,"grid_cell_all_cells_OLS","good","Northern",24,3,3.81498050304599e-09,73.8495458967467,73.8495458929317,5382,224.25,124,0.584880632692598,1.69931122112038,0.0416666666666667,"normal_LDG",47,"Wuchiapingian","Wuc",259.51,254.14,5.37,"Coolhouse","#B3D8D0"
261.895,"Capitanian","Northern",-0.389826632372172,45.0053407419256,0.27182225406221,-0.922598250334103,0.142944985589759,0.173494802257086,0.12809035760798,16,"grid_cell_all_cells_OLS","good","Northern",16,3,5.62411473439474e-10,73.8495458967467,73.8495458961843,2548,159.25,39.5,0.99063451970882,1.95496381380396,0.375,"normal_LDG",46,"Capitanian","Cap",264.28,259.51,4.77,"Coolhouse","#B3D8D0"
265.59,"Wordian","Northern",-0.394705656966592,44.5138868470927,0.176435843080696,-0.740519909404755,-0.0488914045284284,0.0434284534454632,0.27796400653369,15,"grid_cell_all_cells_OLS","good","Northern",15,3,3.61254422897399,79.1899781207881,75.5774338918141,1688,112.533333333333,54,0.779905215817451,1.62889949291955,0.0666666666666667,"normal_LDG",45,"Wordian","Wor",266.9,264.28,2.62,"Coolhouse","#B3D8D0"
270.65,"Roadian","Northern",-0.363972853506637,33.6366966574784,0.204915804226844,-0.765607829791252,0.0376621227779771,0.0889313013547531,0.120624030276159,25,"grid_cell_all_cells_OLS","good","Northern",25,3,3.61254422897399,73.8495458967467,70.2370016677727,3985,159.4,93,0.588993659775858,1.60839325422232,0.04,"normal_LDG",44,"Roadian","Roa",274.4,266.9,7.5,"Coldhouse","#B2CCC7"
278.85,"Kungurian","Northern",-0.166147376419471,28.3507411694846,0.243918069708654,-0.644226793048432,0.31193204020949,0.504439524357498,0.0251289135092799,20,"grid_cell_all_cells_OLS","good","Northern",20,3,3.99517991036039,72.0740681049143,68.0788881945539,2207,110.35,59.5,0.795357515776588,1.84483126919562,0.1,"normal_LDG",43,"Kungurian","Kun",283.3,274.4,8.9,"Coolhouse","#B3D8D0"
286.7,"Artinskian","Northern",-0.283444177540704,49.9422197393257,0.72512594623198,-1.70469103215538,1.13780267707398,0.703343435155086,0.013700123546762,13,"grid_cell_all_cells_OLS","good","Northern",13,3,3.99517991036039,46.4466190812525,42.4514391708921,1141,87.7692307692308,83,0.821308441974054,1.82252512779174,0.0769230769230769,"normal_LDG",42,"Artinskian","Art",290.1,283.3,6.8,"Coolhouse","#B3D8D0"
291.81,"Sakmarian","Northern",0.0195636395778024,32.6134027979332,0.371865872213632,-0.709293469960917,0.748420749116522,0.958986386151479,0.000251550227537055,13,"grid_cell_all_cells_OLS","good","Northern",13,3,3.99517991036039,67.4252297651009,63.4300498547405,1347,103.615384615385,42,0.68211550075399,1.82094053501554,0.0769230769230769,"reverse_LDG",41,"Sakmarian","Sak",293.52,290.1,3.42,"Coolhouse","#B3D8D0"
296.21,"Asselian","Northern",-0.422027832716926,49.1832609506297,0.479700738449501,-1.36224128007795,0.518185614644095,0.404633932922243,0.0882152650218794,10,"grid_cell_all_cells_OLS","good","Northern",10,3,4.08713792775566,67.4252297651009,63.3380918373452,550,55,40,0.898874041526243,1.60722901523434,0.1,"normal_LDG",40,"Asselian","Ass",298.9,293.52,5.38,"Coolhouse","#B3D8D0"
301.3,"Gzhelian","Northern",-1.18210778099998,63.8927938584895,0.377415589437132,-1.92184233629676,-0.442373225703204,0.0519803241812907,0.76581022327058,5,"grid_cell_all_cells_OLS","good","Northern",5,3,4.08713792775566,59.758556912795,55.6714189850393,457,91.4,32,0.847435846133249,1.21264729554366,0,"normal_LDG",39,"Gzhelian","Gzh",303.7,298.9,4.8,"Coldhouse","#B2CCC7"
305.35,"Kasimovian","Northern",NA,NA,NA,NA,NA,NA,NA,2,"grid_cell_all_cells_OLS","good","Northern",2,2,13.9241265294246,37.6237064727637,23.6995799433391,30,15,15,0.901262636523241,1.375500534695,0,NA,38,"Kasimovian","Kas",307,303.7,3.3,"Coldhouse","#B2CCC7"
311.1,"Moscovian","Northern",-1.17613393620128,35.6761546251717,0.461839438930014,-2.08133923650411,-0.270928635898454,0.125758121668097,0.764298861829294,4,"grid_cell_all_cells_OLS","good","Northern",4,2,8.13449394754623,30.4910166205746,22.3565226730284,225,56.25,26,0.844447086632221,1.69931122112038,0.25,"normal_LDG",37,"Moscovian","Mos",315.2,307,8.2,"Coldhouse","#B2CCC7"
319.3,"Bashkirian","Northern",-0.654422823841617,46.0463458424253,0.437646204210678,-1.51220938409455,0.203363736411311,0.185458459879714,0.271490442875227,8,"grid_cell_all_cells_OLS","good","Northern",8,3,4.08531505163447,52.5833589730785,48.498043921444,340,42.5,33,1.11654101308099,1.57524418360809,0.25,"normal_LDG",36,"Bashkirian","Bas",323.4,315.2,8.2,"Coldhouse","#B2CCC7"
326.85,"Serpukhovian","Northern",-5.06831125128976,88.0933404789062,0.532616373817681,-6.11223934397242,-4.02438315860711,0.00246106208063851,0.967932235888058,5,"grid_cell_all_cells_OLS","bad","Bad hemisphere",5,1,4.08531505163447,15.9045438312602,11.8192287796257,597,119.4,58,0.842671987834813,1.69931122112038,0.2,"normal_LDG",35,"Serpukhovian","Ser",330.3,323.4,6.9,"Coldhouse","#B2CCC7"
338.5,"Visean","Northern",-0.0910856434041963,6.2761007701233,0.301071136706085,-0.681185071348124,0.499013784539731,0.782005139674527,0.0296065774712422,5,"grid_cell_all_cells_OLS","good","Northern",5,2,4.08531505163447,25.3266877642711,21.2413727126366,67,13.4,14,0.957342185707502,1.86999332474669,0.4,"normal_LDG",34,"Visean","Vis",346.7,330.3,16.4,"Coldhouse","#B2CCC7"
352.78,"Tournaisian","Northern",NA,NA,NA,NA,NA,NA,NA,1,"grid_cell_all_cells_OLS","bad","Bad hemisphere",1,1,12.108097954869,12.108097954869,0,58,58,58,0.79264317509949,0.79264317509949,0,NA,33,"Tournaisian","Tou",358.86,346.7,12.16,"Coolhouse","#B3D8D0"
365.505,"Famennian","Northern",NA,NA,NA,NA,NA,NA,NA,2,"grid_cell_all_cells_OLS","bad","Bad hemisphere",2,1,5.62411473439474e-10,3.61254422897399,3.61254422841158,53,26.5,26.5,0.523767388545769,0.8592481478421,0,NA,32,"Famennian","Fam",372.15,358.86,13.29,"Transitional","#E4E4E4"
377.23,"Frasnian","Northern",0.0851333486304539,33.0878035919594,0.54670443566692,-0.98640734527671,1.15667404253762,0.901654796322829,0.0236749286721865,3,"grid_cell_all_cells_OLS","good","Northern",3,2,5.62411473439474e-10,33.8171496430986,33.8171496425362,231,77,61,0.516430440092,0.616681246945675,0,"reverse_LDG",31,"Frasnian","Fra",382.31,372.15,10.16,"Warmhouse","#DECABC"
385.13,"Givetian","Northern",0.0628553494917432,16.0560086300828,0.407068388035187,-0.734998691057222,0.860709390040709,0.89146082296198,0.0117807529520906,4,"grid_cell_all_cells_OLS","good","Northern",4,2,3.65224582231023,33.8171496430986,30.1649038207884,129,32.25,34,1.42676104590543,1.68067578623557,0.75,"reverse_LDG",30,"Givetian","Giv",387.95,382.31,5.64,"Warmhouse","#DECABC"
390.71,"Eifelian","Northern",NA,NA,NA,NA,NA,NA,NA,2,"grid_cell_all_cells_OLS","bad","Bad hemisphere",2,1,9.27928154252489e-10,3.99517990899584,3.99517990806791,134,67,67,0.883401729138489,1.01757350523482,0,NA,29,"Eifelian","Eif",393.47,387.95,5.52,"Transitional","#E4E4E4"
402.045,"Emsian","Northern",-0.271916392003186,21.4304815868743,0.253701221884762,-0.769170786897319,0.225338002890947,0.319366239464042,0.140972579706712,9,"grid_cell_all_cells_OLS","good","Northern",9,2,9.27928154252489e-10,39.2341611098997,39.2341611089718,981,109,35,0.802118238334666,1.95496381380396,0.111111111111111,"normal_LDG",28,"Emsian","Ems",410.62,393.47,17.15,"Transitional","#E4E4E4"
411.82,"Pragian","Northern",NA,NA,NA,NA,NA,NA,NA,2,"grid_cell_all_cells_OLS","bad","Bad hemisphere",2,1,4.0853150535697,7.01154824065721,2.92623318708751,191,95.5,95.5,1.07307323652137,1.13334250219739,0,NA,27,"Pragian","Pra",413.02,410.62,2.4,"Hothouse","#D6B6B7"
416.32,"Lochkovian","Northern",-0.925001069839413,38.2752108074071,1.03728094742845,-2.95807172679917,1.10806958712034,0.406862042913649,0.117027421026458,8,"grid_cell_all_cells_OLS","good","Northern",8,2,4.0853150535697,20.5994104847393,16.5140954311696,556,69.5,62,1.16574783890744,1.87220779892446,0.375,"normal_LDG",26,"Lochkovian","Loc",419.62,413.02,6.6,"Hothouse","#D6B6B7"
421.16,"Pridoli","Northern",19.9476009467996,-124.376636952397,17.1203996932155,-13.6083824519028,53.5035843455019,0.36413343357134,0.404326290301774,4,"grid_cell_all_cells_OLS","bad","Bad hemisphere",4,1,7.01154824065721,8.13449394754623,1.12294570688902,131,32.75,20.5,0.940771511845289,1.34184291959528,0,"reverse_LDG",25,"Pridoli","Pri",422.7,419.62,3.08,"Hothouse","#D6B6B7"
428.65,"Homerian","Northern",-0.0860558606952934,27.9282524428442,0.505650527382291,-1.07713089436458,0.905019172973998,0.871533998780959,0.00575945568612132,7,"grid_cell_all_cells_OLS","good","Northern",7,2,4.08531505163447,39.9747255365517,35.8894104849172,586,83.7142857142857,76,0.896624083409997,1.66277956828473,0.142857142857143,"normal_LDG",22,"Homerian","Hom",430.6,426.7,3.9,"Coolhouse","#B3D8D0"
431.75,"Sheinwoodian","Northern",NA,NA,NA,NA,NA,NA,NA,1,"grid_cell_all_cells_OLS","bad","Bad hemisphere",1,1,8.05491679690339,8.05491679690339,0,325,325,325,0.361180010141305,0.361180010141305,0,NA,21,"Sheinwoodian","She",432.9,430.6,2.3,"Coolhouse","#B3D8D0"
435.75,"Telychian","Northern",-0.968293104230329,40.4858287790942,0.56561648617605,-2.07690141713539,0.14031520867473,0.130643332222771,0.295114283278402,9,"grid_cell_all_cells_OLS","good","Northern",9,2,3.99517991036039,33.8171496430986,29.8219697327382,556,61.7777777777778,24,1.36663216808314,1.94801983411601,0.666666666666667,"normal_LDG",20,"Telychian","Tel",438.6,432.9,5.7,"Transitional","#E4E4E4"
439.55,"Aeronian","Northern",NA,NA,NA,NA,NA,NA,NA,2,"grid_cell_all_cells_OLS","bad","Bad hemisphere",2,1,3.65224582005127,7.75528644499503,4.10304062494376,43,21.5,21.5,0.597188364753151,0.722954858468274,0,NA,19,"Aeronian","Aer",440.5,438.6,1.9,"Coolhouse","#B3D8D0"
441.8,"Rhuddanian","Northern",0.0889324395411642,36.4676586732294,1.34199312290272,-2.54137408134817,2.7192389604305,0.950343727647294,0.00109668850788325,6,"grid_cell_all_cells_OLS","good","Northern",6,2,9.27928154252489e-10,31.8079668257209,31.807966824793,415,69.1666666666667,49.5,0.47744554818592,0.723508004321318,0,"reverse_LDG",18,"Rhuddanian","Rhu",443.1,440.5,2.6,"Coolhouse","#B3D8D0"
444.15,"Hirnantian","Northern",-0.645148088096039,24.5175751629567,0.251512084664194,-1.13811177403786,-0.152184402154219,0.0503351791423277,0.568207072784176,7,"grid_cell_all_cells_OLS","bad","Bad hemisphere",7,1,4.0853150535697,15.5462647432579,11.4609496896882,369,52.7142857142857,43,0.810061384828427,1.60160470083,0.142857142857143,"normal_LDG",17,"Hirnantian","Hir",445.2,443.1,2.1,"Coolhouse","#B3D8D0"
449,"Katian","Northern",-0.229144603010061,29.4545947366124,0.652476155887523,-1.50799786854961,1.04970866252948,0.730328153497781,0.00815534565435457,17,"grid_cell_all_cells_OLS","good","Northern",17,2,9.27928154252489e-10,27.2928891771164,27.2928891761885,1870,110,58,0.970735345362314,1.60924635043442,0.176470588235294,"normal_LDG",16,"Katian","Kat",452.8,445.2,7.6,"Warmhouse","#DECABC"
455.5,"Sandbian","Northern",0.261227213295564,26.1400924624224,2.41369930600123,-4.46962342646685,4.99207785305798,0.916480905335892,0.00146199240697418,10,"grid_cell_all_cells_OLS","bad","Bad hemisphere",10,1,3.65224582005127,14.4463806529435,10.7941348328922,1097,109.7,75.5,0.749018053741171,1.82467274723045,0.1,"reverse_LDG",15,"Sandbian","Sbd",458.2,452.8,5.4,"Warmhouse","#DECABC"
463.8,"Darriwilian","Northern",-0.156958349114355,19.1266615562612,0.918147530851426,-1.95652750958315,1.64261081135444,0.867366189547207,0.0026497135988732,13,"grid_cell_all_cells_OLS","good","Northern",13,2,2.06949104744925e-09,19.8399308943628,19.8399308922933,1144,88,37,0.656530773249199,1.74914441524458,0.0769230769230769,"normal_LDG",14,"Darriwilian","Dar",469.4,458.2,11.2,"Hothouse","#D6B6B7"
470.35,"Dapingian","Northern",-3.56321253887947,133.601538958552,0.991288445462083,-5.50613789198516,-1.62028718577379,0.0694317238950111,0.865957316493011,4,"grid_cell_all_cells_OLS","good","Northern",4,2,16.0751815285725,35.2643896801726,19.1892081516001,129,32.25,22.5,0.877038589816571,1.35318869941915,0,"normal_LDG",13,"Dapingian","Dap",471.3,469.4,1.9,"Hothouse","#D6B6B7"
474.2,"Floian","Northern",-0.4901183029094,32.3659710128059,0.655342265410021,-1.77458914311304,0.794352537294241,0.473619681993327,0.058511089565069,11,"grid_cell_all_cells_OLS","good","Northern",11,2,2.06949104744925e-09,35.2643896801726,35.2643896781031,1352,122.909090909091,72,0.536556199809479,1.51927470457372,0.0909090909090909,"normal_LDG",12,"Floian","Flo",477.1,471.3,5.8,"Hothouse","#D6B6B7"
481.975,"Tremadocian","Northern",-0.195345185047467,32.3944846295578,0.812680896850067,-1.7881997428736,1.39750937277866,0.815428222719959,0.00637886820872588,11,"grid_cell_all_cells_OLS","good","Northern",11,2,1.38107230685091e-09,27.6050026428908,27.6050026415097,539,49,22,0.907089644320756,1.69931122112038,0.0909090909090909,"normal_LDG",11,"Tremadocian","Tre",486.85,477.1,9.75,"Hothouse","#D6B6B7"
0.00585,"Holocene","Southern",0.0192753274888598,22.8239216601133,0.409897755801141,-0.784124273881377,0.822674928859097,0.964313984133274,0.000442069359943787,7,"grid_cell_all_cells_OLS","good","Southern",7,3,8.05491680116427,54.9528748745432,46.8979580733789,457,65.2857142857143,32,0.790941849529377,1.69931122112038,0.142857142857143,"reverse_LDG",97,"Holocene","Hol",0.0117,0,0.0117,"Coldhouse","#B2CCC7"
1.29585,"Pleistocene","Southern",-0.237926615614378,23.1128243835253,0.241872974219808,-0.711997645085201,0.236144413856445,0.343225074699538,0.0692769087713113,15,"grid_cell_all_cells_OLS","good","Southern",15,3,3.61254423121571,73.8495458962554,70.2370016650397,2239,149.266666666667,103,0.714668993638447,1.87134043200431,0.0666666666666667,"normal_LDG",96,"Pleistocene","Ple",2.58,0.0117,2.5683,"Coldhouse","#B2CCC7"
3.09,"Piacenzian","Southern",-1.0833534066973,50.2543719302473,0.433641006488231,-1.93328977941424,-0.233417033980368,0.0466371076643374,0.509858603789141,8,"grid_cell_all_cells_OLS","good","Southern",8,3,7.26849384056285,44.426005732029,37.1575118914662,768,96,95,0.800810150472349,1.73081931712196,0.125,"normal_LDG",95,"Piacenzian","Pia",3.6,2.58,1.02,"Coldhouse","#B2CCC7"
4.4665,"Zanclean","Southern",-0.312677318227518,27.4891431268398,0.289300103891445,-0.87970552185475,0.254350885399715,0.329134752419219,0.189383102095112,7,"grid_cell_all_cells_OLS","good","Southern",7,3,7.26849384056285,67.5278428689591,60.2593490283963,981,140.142857142857,68,0.716845836913219,1.20917235536152,0,"normal_LDG",94,"Zanclean","Zan",5.333,3.6,1.733,"Coldhouse","#B2CCC7"
6.2895,"Messinian","Southern",NA,NA,NA,NA,NA,NA,NA,1,"grid_cell_all_cells_OLS","bad","Bad hemisphere",1,1,27.431768605304,27.431768605304,0,8,8,8,0.242148239919126,0.242148239919126,0,NA,93,"Messinian","Mes",7.246,5.333,1.913,"Coldhouse","#B2CCC7"
9.438,"Tortonian","Southern",-0.476033293099282,45.4466779547594,0.934033653488834,-2.3067392539374,1.35467266773883,0.631985438613025,0.0493838333553186,7,"grid_cell_all_cells_OLS","good","Southern",7,3,7.26849384056285,47.4513518070801,40.1828579665173,1013,144.714285714286,36,0.98922665614905,1.47036243802749,0,"normal_LDG",92,"Tortonian","Tor",11.63,7.246,4.384,"Coolhouse","#B3D8D0"
12.725,"Serravallian","Southern",-0.499893640943553,38.6185604340364,0.468332397524198,-1.41782514009098,0.418037858203875,0.326848474431102,0.159584165534792,8,"grid_cell_all_cells_OLS","good","Southern",8,3,3.61254423121571,49.729945142217,46.1174009110013,986,123.25,78,0.885763195592305,1.57524418360809,0.125,"normal_LDG",91,"Serravallian","Ser",13.82,11.63,2.19,"Transitional","#E4E4E4"
18.215,"Burdigalian","Southern",0.202278672059014,20.860158088566,0.311065724871248,-0.407410148688631,0.81196749280666,0.527767482738005,0.0340388046857878,14,"grid_cell_all_cells_OLS","good","Southern",14,3,8.91702874982649e-10,59.7688858774627,59.768885876571,2971,212.214285714286,127,0.949104267002186,1.57853335571783,0.285714285714286,"reverse_LDG",89,"Burdigalian","Bur",20.45,15.98,4.47,"Transitional","#E4E4E4"
21.745,"Aquitanian","Southern",NA,NA,NA,NA,NA,NA,NA,2,"grid_cell_all_cells_OLS","bad","Bad hemisphere",2,1,46.446619083523,47.4513518028465,1.00473271932351,195,97.5,97.5,0.373231330003983,0.67222302941326,0,NA,88,"Aquitanian","Aqu",23.04,20.45,2.59,"Coolhouse","#B3D8D0"
25.17,"Chattian","Southern",0.769626758689223,-10.5325262046859,0.691975103970214,-0.586644445092396,2.12589796247084,0.381817807842524,0.382149222700623,4,"grid_cell_all_cells_OLS","bad","Bad hemisphere",4,2,14.3789486755807,52.5833589753758,38.2044102997951,567,141.75,36,1.06680182917925,1.68887151851303,0.25,"reverse_LDG",87,"Chattian","Cht",27.3,23.04,4.26,"Transitional","#E4E4E4"
30.6,"Rupelian","Southern",0.170023117608371,4.34461012312602,0.253292725573139,-0.326430624514981,0.666476859731723,0.623649493019576,0.310619891714427,3,"grid_cell_all_cells_OLS","bad","Bad hemisphere",3,2,14.3789486755807,54.9528748745432,40.5739261989625,173,57.6666666666667,54,0.710226990864411,1.11907096226814,0,"reverse_LDG",86,"Rupelian","Rup",33.9,27.3,6.6,"Transitional","#E4E4E4"
35.805,"Priabonian","Southern",-0.156213256367329,40.3425237212111,0.656361189834562,-1.44268118844307,1.13025467570841,0.821327580374795,0.0112017957274947,7,"grid_cell_all_cells_OLS","bad","Bad hemisphere",7,2,7.26849384315721,67.5278428689591,60.2593490258019,957,136.714285714286,142,1.04170731215605,1.74558798393336,0.285714285714286,"normal_LDG",85,"Priabonian","Prb",37.71,33.9,3.81,"Warmhouse","#DECABC"
39.37,"Bartonian","Southern",-0.53989826985367,40.9678245959269,0.292128891748818,-1.11247089768135,0.0326743579740144,0.205833321385252,0.63070071342198,4,"grid_cell_all_cells_OLS","bad","Bad hemisphere",4,2,7.26849384315721,56.8320827751636,49.5635889320064,638,159.5,103,0.964191385369307,1.86005035324021,0.25,"normal_LDG",84,"Bartonian","Brt",41.03,37.71,3.32,"Warmhouse","#DECABC"
44.55,"Lutetian","Southern",-0.0343079781498487,9.70517385443337,0.129148686511547,-0.287439403712481,0.218823447412784,0.807720335103368,0.0229821940049569,5,"grid_cell_all_cells_OLS","bad","Bad hemisphere",5,2,4.2899805428945e-09,52.5833589750866,52.5833589707966,469,93.8,55,0.643960401135584,1.21001823120959,0,"normal_LDG",83,"Lutetian","Lut",48.07,41.03,7.04,"Warmhouse","#DECABC"
52.035,"Ypresian","Southern",0.515217258235191,4.88529035423247,0.116991218658277,0.285914469664967,0.744520046805414,0.0478880377286848,0.906517188700134,4,"grid_cell_all_cells_OLS","bad","Bad hemisphere",4,2,8.29814784566527e-09,62.2141685486785,62.2141685403804,478,119.5,60.5,0.65774740439533,0.821686454536911,0,"reverse_LDG",82,"Ypresian","Ypr",56,48.07,7.93,"Hothouse","#D6B6B7"
57.62,"Thanetian","Southern",NA,NA,NA,NA,NA,NA,NA,2,"grid_cell_all_cells_OLS","bad","Bad hemisphere",2,1,58.2825255901738,58.4975317610932,0.215006170919402,146,73,73,1.10704425322253,1.30679634834,0,NA,81,"Thanetian","Th",59.24,56,3.24,"Warmhouse","#DECABC"
63.83,"Danian","Southern",0.111274329926487,-1.19493445643307,0.0948206918812797,-0.0745742261608216,0.297122886013795,0.293438573832878,0.21595166941032,7,"grid_cell_all_cells_OLS","bad","Bad hemisphere",7,2,26.6174318431938,62.2141685486785,35.5967367054847,1126,160.857142857143,72,0.621155710928633,1.92666515849871,0.142857142857143,"reverse_LDG",79,"Danian","Dan",66,61.66,4.34,"Hothouse","#D6B6B7"
69.1,"Maastrichtian","Southern",0.455884612688815,-2.29364373564511,0.505734177488418,-0.535354375188485,1.44712360056611,0.433799139344156,0.213130929651652,5,"grid_cell_all_cells_OLS","bad","Bad hemisphere",5,2,32.2749198721929,62.2141685486785,29.9392486764856,1277,255.4,171,0.357523612794632,0.797647496787961,0,"reverse_LDG",78,"Maastrichtian","Maa",72.2,66,6.2,"Transitional","#E4E4E4"
77.9,"Campanian","Southern",0.151258984289292,5.75106217560707,0.120471819649196,-0.0848657822231323,0.387383750801716,0.244707234046532,0.164614587994969,10,"grid_cell_all_cells_OLS","bad","Bad hemisphere",10,2,3.99517991127951,62.2141685486785,58.218988637399,358,35.8,30.5,0.959167896875582,1.85262588837693,0.1,"reverse_LDG",77,"Campanian","Cam",83.6,72.2,11.4,"Warmhouse","#DECABC"
84.65,"Santonian","Southern",-0.277401445697386,38.2071908398763,0.580734309886907,-1.41564069307572,0.860837801680952,0.716304729537365,0.185781838207625,3,"grid_cell_all_cells_OLS","bad","Bad hemisphere",3,2,20.9542458116189,59.8661434865469,38.911897674928,416,138.666666666667,96,0.633449623981492,1.65283964600187,0.333333333333333,"normal_LDG",76,"Santonian","San",85.7,83.6,2.1,"Hothouse","#D6B6B7"
87.75,"Coniacian","Southern",-0.830593251060427,59.6945982351056,0.698564122980654,-2.19977893210251,0.538592429981654,0.356471183931076,0.41412933711107,4,"grid_cell_all_cells_OLS","bad","Bad hemisphere",4,2,7.05861533858885,65.0900301584896,58.0314148199007,156,39,14,0.852207684253742,1.18161095632536,0,"normal_LDG",75,"Coniacian","Con",89.8,85.7,4.1,"Hothouse","#D6B6B7"
91.85,"Turonian","Southern",-0.377545180281852,34.8458337545524,0.458122179126864,-1.27546465137051,0.520374290806801,0.437049873829311,0.0884425452254658,9,"grid_cell_all_cells_OLS","good","Southern",9,3,8.91702874982649e-10,67.5278428689591,67.5278428680674,747,83,20,0.715792948711928,1.30029733615399,0,"normal_LDG",74,"Turonian","Tur",93.9,89.8,4.1,"Hothouse","#D6B6B7"
97.2,"Cenomanian","Southern",-0.25736435896786,29.2035818387399,0.243927098360313,-0.735461471754074,0.220732753818355,0.339676647417,0.182098959472958,7,"grid_cell_all_cells_OLS","good","Southern",7,3,7.05861533858885,73.8495458962554,66.7909305576666,321,45.8571428571429,31,0.618395066697231,1.61652180411094,0.142857142857143,"normal_LDG",73,"Cenomanian","Cen",100.5,93.9,6.6,"Hothouse","#D6B6B7"
106.85,"Albian","Southern",0.0311870871419198,8.42599670547481,0.100084758190673,-0.1649790389118,0.22735321319564,0.760686693909434,0.00802661647940866,14,"grid_cell_all_cells_OLS","good","Southern",14,3,8.91702874982649e-10,75.4880138895318,75.4880138886401,965,68.9285714285714,53,0.740126558926607,1.82677923274249,0.0714285714285714,"reverse_LDG",72,"Albian","Alb",113.2,100.5,12.7,"Warmhouse","#DECABC"
117.3,"Aptian","Southern",0.021039262152432,8.33003399095917,0.0758132970102832,-0.127554799987723,0.169633324292587,0.792493904546822,0.0151691718967106,7,"grid_cell_all_cells_OLS","good","Southern",7,3,12.0768987194304,79.1899781207528,67.1130794013224,320,45.7142857142857,27,0.659686293676512,1.57524418360809,0.142857142857143,"reverse_LDG",71,"Aptian","Apt",121.4,113.2,8.2,"Hothouse","#D6B6B7"
123.585,"Barremian","Southern",-3.62852611836381,175.67615698332,2.56997733590914,-8.66568169674573,1.40862946001812,0.392320100201829,0.665935541031976,3,"grid_cell_all_cells_OLS","bad","Bad hemisphere",3,2,27.6050026459102,46.4466190841037,18.8416164381935,81,27,28,0.809584360419614,1.44313652445929,0,"normal_LDG",70,"Barremian","Bar",125.77,121.4,4.37,"Hothouse","#D6B6B7"
129.185,"Hauterivian","Southern",-6.81700082513308,287.370576736278,0.972694682951166,-8.72348240371736,-4.91051924654879,0.0902280697177206,0.980046770735645,3,"grid_cell_all_cells_OLS","bad","Bad hemisphere",3,1,27.6050026459102,35.2643896825746,7.6593870366644,304,101.333333333333,73,0.777043613201672,1.16755351585408,0,"normal_LDG",69,"Hauterivian","Hau",132.6,125.77,6.83,"Warmhouse","#DECABC"
134.825,"Valanginian","Southern",1.15419817582214,-3.34104574244343,0.467721614386366,0.237463811624861,2.07093254001942,0.0902480990121136,0.669951007097561,5,"grid_cell_all_cells_OLS","good","Southern",5,3,7.4295908042461,46.0460435498941,38.616452745648,143,28.6,18,0.904683702896872,1.68887151851303,0.2,"reverse_LDG",68,"Valanginian","Val",137.05,132.6,4.45,"Warmhouse","#DECABC"
146.15,"Tithonian","Southern",-0.785629692089056,65.2310476180389,0.409729623156242,-1.58869975347529,0.0174403692971781,0.127648019581927,0.478932922374241,6,"grid_cell_all_cells_OLS","bad","Bad hemisphere",6,2,27.431768605304,86.3874557702248,58.9556871649208,350,58.3333333333333,39.5,0.520642894025343,0.965558146251367,0,"normal_LDG",66,"Tithonian","Tit",149.2,143.1,6.1,"Warmhouse","#DECABC"
152,"Kimmeridgian","Southern",-0.222027827477101,25.2705859395795,0.31882372259206,-0.846922323757538,0.402866668803337,0.524527335852088,0.108131981565087,6,"grid_cell_all_cells_OLS","good","Southern",6,3,7.4295908042461,79.8413809614323,72.4117901571862,570,95,70.5,0.9852188148787,1.69931122112038,0.333333333333333,"normal_LDG",65,"Kimmeridgian","Kim",154.8,149.2,5.6,"Transitional","#E4E4E4"
158.15,"Oxfordian","Southern",-0.364935256327121,47.5495870142001,0.349651461136737,-1.05025212015513,0.320381607500884,0.33131697677917,0.134662972736158,9,"grid_cell_all_cells_OLS","good","Southern",9,3,7.19887659169657,79.8413809614323,72.6425043697357,1323,147,125,0.766619449987557,1.8487330061384,0.111111111111111,"normal_LDG",64,"Oxfordian","Oxf",161.5,154.8,6.7,"Transitional","#E4E4E4"
163.4,"Callovian","Southern",0.219275968405924,52.5529451684241,0.471144379183998,-0.704167014794712,1.14271895160656,0.655769397918373,0.0300151794882713,9,"grid_cell_all_cells_OLS","good","Southern",9,3,7.4295908042461,79.8413809614323,72.4117901571862,3044,338.222222222222,97,0.726808493611502,1.77677604360618,0.111111111111111,"reverse_LDG",63,"Callovian","Cal",165.3,161.5,3.8,"Coolhouse","#B3D8D0"
166.75,"Bathonian","Southern",-0.134442349614901,23.8361730777708,0.269702710954761,-0.663059663086233,0.394174963856431,0.644307823197134,0.0584880838873028,6,"grid_cell_all_cells_OLS","good","Southern",6,3,7.4295908042461,79.8413809614323,72.4117901571862,434,72.3333333333333,47.5,1.05794276851519,1.69931122112038,0.333333333333333,"normal_LDG",62,"Bathonian","Bat",168.2,165.3,2.9,"Coldhouse","#B2CCC7"
169.55,"Bajocian","Southern",-0.177663812205226,17.7752092665277,0.120505552989369,-0.41385469606439,0.0585270716539374,0.190835388368896,0.265931224924665,8,"grid_cell_all_cells_OLS","good","Southern",8,3,7.4295908042461,71.9435853461596,64.5139945419135,304,38,34,0.804874110414479,1.82094288229026,0.125,"normal_LDG",61,"Bajocian","Baj",170.9,168.2,2.7,"Coolhouse","#B3D8D0"
172.8,"Aalenian","Southern",NA,NA,NA,NA,NA,NA,NA,2,"grid_cell_all_cells_OLS","bad","Bad hemisphere",2,1,27.6050026459102,35.2643896825746,7.6593870366644,155,77.5,77.5,0.335344020375188,0.435764931530175,0,NA,60,"Aalenian","Aal",174.7,170.9,3.8,"Transitional","#E4E4E4"
179.45,"Toarcian","Southern",-0.872834662781315,80.786316736244,0.200827224011339,-1.26645602184354,-0.47921330371909,0.00484255380667093,0.758933790012375,8,"grid_cell_all_cells_OLS","good","Southern",8,3,12.0768987194304,79.8413809614323,67.7644822420019,993,124.125,44.5,0.623731222574164,1.25167883163275,0,"normal_LDG",59,"Toarcian","Toa",184.2,174.7,9.5,"Warmhouse","#DECABC"
188.55,"Pliensbachian","Southern",-0.813579565362122,69.6708312800118,0.399345917958232,-1.59629756456026,-0.0308615661639865,0.0972050293145699,0.453582425822544,7,"grid_cell_all_cells_OLS","bad","Bad hemisphere",7,2,27.6050026459102,73.8495458935612,46.244543247651,1690,241.428571428571,53,0.272818121444789,0.489855446592267,0,"normal_LDG",58,"Pliensbachian","Plb",192.9,184.2,8.7,"Transitional","#E4E4E4"
196.2,"Sinemurian","Southern",-0.161385576689505,45.7439322530053,0.676181082417356,-1.48670049822752,1.16392934484851,0.820833506743476,0.0112645412421421,7,"grid_cell_all_cells_OLS","good","Southern",7,3,2.0694955291283e-09,71.9435853461596,71.9435853440901,1065,152.142857142857,50,0.669564653764238,1.3662806791993,0,"normal_LDG",57,"Sinemurian","Sin",199.5,192.9,6.6,"Transitional","#E4E4E4"
200.45,"Hettangian","Southern",0.0210683591513055,13.9124450582243,0.216027678199224,-0.402345890119174,0.444482608421785,0.928459081516292,0.00316043340305012,5,"grid_cell_all_cells_OLS","good","Southern",5,3,2.0694955291283e-09,71.9435853461596,71.9435853440901,148,29.6,20,0.64022821535635,1.18768673458094,0,"reverse_LDG",56,"Hettangian","Het",201.4,199.5,1.9,"Transitional","#E4E4E4"
203.55,"Rhaetian","Southern",-0.988265161641116,75.0640804866551,0.32140951336247,-1.61822780783156,-0.358302515450676,0.0218080525278509,0.61175861527478,8,"grid_cell_all_cells_OLS","good","Southern",8,3,6.47285962829153,71.9435853461596,65.4707257178681,904,113,121.5,0.407097871423173,1.17980258085626,0,"normal_LDG",55,"Rhaetian","Rha",205.7,201.4,4.3,"Coolhouse","#B3D8D0"
216.5,"Norian","Southern",-0.238013621275776,29.4010612982349,0.228648389821197,-0.686164465325322,0.21013722277377,0.328328892466029,0.119291507408876,10,"grid_cell_all_cells_OLS","good","Southern",10,3,2.0694955291283e-09,75.488013877991,75.4880138759215,1091,109.1,82.5,0.642503170765252,1.73081931712196,0.1,"normal_LDG",54,"Norian","Nor",227.3,205.7,21.6,"Transitional","#E4E4E4"
232.15,"Carnian","Southern",0.361129915186671,-8.33486221474372,0.248394575386794,-0.125723452571446,0.847983282944788,0.283188090679227,0.513819313344092,4,"grid_cell_all_cells_OLS","bad","Bad hemisphere",4,2,19.8399308938516,75.4880138788193,55.6480829849677,172,43,39.5,0.525098997915947,1.02477607451524,0,"reverse_LDG",53,"Carnian","Car",237,227.3,9.7,"Transitional","#E4E4E4"
239.232,"Ladinian","Southern",-0.0874690107405139,9.16109628729916,0.0695675958522237,-0.223821498610872,0.0488834771298445,0.297611036736056,0.345101673487459,5,"grid_cell_all_cells_OLS","bad","Bad hemisphere",5,2,1.26551540592264e-10,73.8495458962554,73.8495458961289,438,87.6,13,0.771605134909004,1.86999332474669,0.4,"normal_LDG",52,"Ladinian","Lad",241.464,237,4.464,"Coolhouse","#B3D8D0"
244.082,"Anisian","Southern",-0.207389057462272,21.5602400981083,0.209296746302281,-0.617610680214743,0.202832565290199,0.377832014892177,0.197085994824087,6,"grid_cell_all_cells_OLS","good","Southern",6,3,1.57813971479026e-09,73.8495458962554,73.8495458946773,283,47.1666666666667,32.5,0.669239482206845,1.30779448082307,0,"normal_LDG",51,"Anisian","Ani",246.7,241.464,5.236,"Warmhouse","#DECABC"
248.3,"Olenekian","Southern",0.0512149582404919,25.2685569260451,0.121167649740993,-0.186273635251854,0.288703551732837,0.745414060537812,0.151576823454121,3,"grid_cell_all_cells_OLS","good","Southern",3,3,8.13449394917513,47.8962635956082,39.7617696464331,52,17.3333333333333,15,0.530416869294599,0.643411721134604,0,"reverse_LDG",50,"Olenekian","Ole",249.9,246.7,3.2,"Warmhouse","#DECABC"
250.901,"Induan","Southern",0.370548694718719,4.5053393260401,0.29068311169715,-0.199190204207694,0.940287593645132,0.249535762408913,0.213113830884726,8,"grid_cell_all_cells_OLS","good","Southern",8,3,3.99517991127951,55.7795906865042,51.7844107752247,206,25.75,20,0.59871846150155,1.0866239401436,0,"reverse_LDG",49,"Induan","Ind",251.902,249.9,2.002,"Hothouse","#D6B6B7"
253.021,"Changhsingian","Southern",0.58754891218783,15.0942866130439,0.237547612944316,0.121955590816969,1.05314223355869,0.0482352318383347,0.504855689237977,8,"grid_cell_all_cells_OLS","bad","Bad hemisphere",8,2,6.16488951593962e-10,73.8495458962554,73.8495458956389,1641,205.125,109,0.401406532559353,1.05193200345293,0,"reverse_LDG",48,"Changhsingian","Chg",254.14,251.902,2.238,"Coldhouse","#B2CCC7"
256.825,"Wuchiapingian","Southern",-0.351222243254028,48.9746050419168,0.229295593521472,-0.800641606556113,0.0981971200480579,0.142066863146468,0.109913541224707,21,"grid_cell_all_cells_OLS","good","Southern",21,3,5.62415910369658e-10,79.8413809635514,79.841380962989,6494,309.238095238095,103,0.632110607988688,1.9719315793372,0.19047619047619,"normal_LDG",47,"Wuchiapingian","Wuc",259.51,254.14,5.37,"Coolhouse","#B3D8D0"
261.895,"Capitanian","Southern",-0.259469620707451,31.1423827589338,0.261844398318475,-0.772684641411662,0.25374539999676,0.341280558953398,0.0756391687686916,14,"grid_cell_all_cells_OLS","good","Southern",14,3,5.62415910369658e-10,72.0740681048475,72.0740681042851,1248,89.1428571428571,71,0.755158899356078,1.73081931712196,0.0714285714285714,"normal_LDG",46,"Capitanian","Cap",264.28,259.51,4.77,"Coolhouse","#B3D8D0"
265.59,"Wordian","Southern",-0.274442808314854,41.2150900544446,0.19251276798114,-0.651767833557887,0.10288221692818,0.171100537539487,0.101450487944511,20,"grid_cell_all_cells_OLS","good","Southern",20,3,5.62415910369658e-10,79.8413809635514,79.841380962989,3189,159.45,86.5,0.544618063941273,1.18267006450759,0,"normal_LDG",45,"Wordian","Wor",266.9,264.28,2.62,"Coolhouse","#B3D8D0"
270.65,"Roadian","Southern",-0.294577316220542,36.8840927041482,0.204354407138785,-0.69511195421256,0.105957321771477,0.171436224466869,0.129241055054999,16,"grid_cell_all_cells_OLS","good","Southern",16,3,5.62415910369658e-10,73.8495458962554,73.849545895693,4096,256,82.5,0.763686479094616,1.53596485430754,0.0625,"normal_LDG",44,"Roadian","Roa",274.4,266.9,7.5,"Coldhouse","#B2CCC7"
278.85,"Kungurian","Southern",-0.623743210408962,60.2354397129162,0.204932152631464,-1.02541022956663,-0.222076191251293,0.00941417374136911,0.416093771094156,15,"grid_cell_all_cells_OLS","good","Southern",15,3,6.16488951593962e-10,79.1899781207528,79.1899781201363,6155,410.333333333333,73,0.655021103840185,1.79712802455889,0.133333333333333,"normal_LDG",43,"Kungurian","Kun",283.3,274.4,8.9,"Coolhouse","#B3D8D0"
286.7,"Artinskian","Southern",-0.2099020072698,44.7704066861042,0.270283160062973,-0.739657000993227,0.319852986453627,0.4524311752829,0.0478539227365963,14,"grid_cell_all_cells_OLS","good","Southern",14,3,6.16488951593962e-10,73.8495458962554,73.8495458956389,3200,228.571428571429,78,0.694876576321294,1.44794581325427,0,"normal_LDG",42,"Artinskian","Art",290.1,283.3,6.8,"Coolhouse","#B3D8D0"
291.81,"Sakmarian","Southern",-0.179149816455106,48.5028334866725,0.316990312763274,-0.800450829471123,0.442151196560912,0.57768433797765,0.0143106102957584,24,"grid_cell_all_cells_OLS","good","Southern",24,3,3.99517991045348,73.8495458962554,69.8543659858019,2365,98.5416666666667,67.5,0.701462695936554,1.69931122112038,0.125,"normal_LDG",41,"Sakmarian","Sak",293.52,290.1,3.42,"Coolhouse","#B3D8D0"
296.21,"Asselian","Southern",-0.935278542971724,59.5572609971676,0.549053221244432,-2.01142285661081,0.140865770667362,0.122686147561784,0.24380573789858,11,"grid_cell_all_cells_OLS","good","Southern",11,3,3.99517991045348,59.8661434865445,55.870963576091,2246,204.181818181818,33,0.523462932802997,1.91117410789999,0.0909090909090909,"normal_LDG",40,"Asselian","Ass",298.9,293.52,5.38,"Coolhouse","#B3D8D0"
301.3,"Gzhelian","Southern",-1.51572483056648,59.3395094655411,0.90374003698295,-3.28705530305307,0.255605641920096,0.154353751733319,0.36003244393387,7,"grid_cell_all_cells_OLS","good","Southern",7,2,6.16488951593962e-10,35.9866632607851,35.9866632601686,2760,394.285714285714,123,0.551278425411093,1.25378886120189,0,"normal_LDG",39,"Gzhelian","Gzh",303.7,298.9,4.8,"Coldhouse","#B2CCC7"
305.35,"Kasimovian","Southern",6.31246497489011,33.1011960615295,4.23293561997144,-1.98408884025391,14.6090187900341,0.232688987269259,0.425716070642296,5,"grid_cell_all_cells_OLS","bad","Bad hemisphere",5,1,6.16488951593962e-10,8.05491679799916,8.05491679738267,1708,341.6,309,0.42106802214147,1.23042853933126,0,"reverse_LDG",38,"Kasimovian","Kas",307,303.7,3.3,"Coldhouse","#B2CCC7"
311.1,"Moscovian","Southern",-1.02295702024807,50.7396824640215,0.563880729238966,-2.12816324955644,0.0822492090603073,0.107209849186651,0.291476973229222,10,"grid_cell_all_cells_OLS","good","Southern",10,3,3.99517991045348,47.4513518070801,43.4561718966266,2286,228.6,64,0.608772038504271,1.47200928560138,0,"normal_LDG",37,"Moscovian","Mos",315.2,307,8.2,"Coldhouse","#B2CCC7"
319.3,"Bashkirian","Southern",-0.525781831760278,57.9126127266326,0.326302377828508,-1.16533449230415,0.113770828783597,0.138183951105567,0.206122034736484,12,"grid_cell_all_cells_OLS","good","Southern",12,3,8.91702874982649e-10,59.7688858665396,59.7688858656479,1107,92.25,57,0.748062641903417,1.89074324802151,0.0833333333333333,"normal_LDG",36,"Bashkirian","Bas",323.4,315.2,8.2,"Coldhouse","#B2CCC7"
326.85,"Serpukhovian","Southern",-0.993436940643322,71.9311158135818,0.817891484241667,-2.59650424975699,0.609630368470345,0.270135328041312,0.197359872222863,8,"grid_cell_all_cells_OLS","bad","Bad hemisphere",8,2,8.91702874982649e-10,44.5296219667493,44.5296219658576,1719,214.875,186,0.455528383254626,1.01034432124572,0,"normal_LDG",35,"Serpukhovian","Ser",330.3,323.4,6.9,"Coldhouse","#B2CCC7"
338.5,"Visean","Southern",-0.523173440262741,36.6256933366037,0.49416765988315,-1.49174205363372,0.445395173108232,0.306489849049941,0.0695272624637623,17,"grid_cell_all_cells_OLS","good","Southern",17,3,1.57813971479026e-09,44.5296219667493,44.5296219651712,5585,328.529411764706,56,0.773652615487935,1.78446293524726,0.117647058823529,"normal_LDG",34,"Visean","Vis",346.7,330.3,16.4,"Coldhouse","#B2CCC7"
352.78,"Tournaisian","Southern",-0.245937187057037,31.4470460863921,0.38872551349636,-1.0078391935099,0.515964819395828,0.533185590634099,0.0171057170492911,25,"grid_cell_all_cells_OLS","good","Southern",25,3,8.91702874982649e-10,49.7299451319713,49.7299451310796,3271,130.84,51,0.750624819318453,1.94801983411601,0.12,"normal_LDG",33,"Tournaisian","Tou",358.86,346.7,12.16,"Coolhouse","#B3D8D0"
365.505,"Famennian","Southern",-0.555868529871978,37.7908599512818,0.422231171487032,-1.38344162598656,0.271704566242604,0.200974287671426,0.0700750857332735,25,"grid_cell_all_cells_OLS","good","Southern",25,2,1.26551540592264e-10,40.0054817785993,40.0054817784727,2739,109.56,39,0.795994560074317,1.93485055533146,0.12,"normal_LDG",32,"Famennian","Fam",372.15,358.86,13.29,"Transitional","#E4E4E4"
377.23,"Frasnian","Southern",-0.0451677769981348,36.7504515598522,0.50828664791085,-1.0414096069034,0.951074052907131,0.930032966986272,0.000375887132630194,23,"grid_cell_all_cells_OLS","good","Southern",23,3,8.13449394833837,46.4466190799997,38.3121251316613,4464,194.086956521739,64,0.658499529278893,1.82902679293655,0.0869565217391304,"normal_LDG",31,"Frasnian","Fra",382.31,372.15,10.16,"Warmhouse","#DECABC"
385.13,"Givetian","Southern",-0.243267698838245,28.1332461498757,0.203029243420836,-0.641205015943083,0.154669618266593,0.243044381405728,0.0587526719051637,25,"grid_cell_all_cells_OLS","good","Southern",25,3,3.6522458208122,79.8413809711713,76.1891351503591,12154,486.16,82,0.657209453386962,1.69931122112038,0.04,"normal_LDG",30,"Givetian","Giv",387.95,382.31,5.64,"Warmhouse","#DECABC"
390.71,"Eifelian","Southern",-0.103267011286243,32.3472530491404,0.299045183226704,-0.689395570410583,0.482861547838096,0.732860314648996,0.0049440839606702,26,"grid_cell_all_cells_OLS","good","Southern",26,3,6.16488951593962e-10,69.0948425583988,69.0948425577823,4373,168.192307692308,48,0.733442357800343,1.86611853468796,0.0769230769230769,"normal_LDG",29,"Eifelian","Eif",393.47,387.95,5.52,"Transitional","#E4E4E4"
402.045,"Emsian","Southern",-0.225670019204853,40.9411518363914,0.190232652199136,-0.59852601751516,0.147185979105455,0.245138357477542,0.0462807264702171,31,"grid_cell_all_cells_OLS","good","Southern",31,3,1.26551540592264e-10,86.3874557702248,86.3874557700983,4251,137.129032258065,99,0.791328002767812,1.91204702036239,0.0967741935483871,"normal_LDG",28,"Emsian","Ems",410.62,393.47,17.15,"Transitional","#E4E4E4"
411.82,"Pragian","Southern",0.252529641960664,15.6751163743953,0.349661152528148,-0.432806216994505,0.937865500915833,0.48523444636574,0.0452707310997535,13,"grid_cell_all_cells_OLS","good","Southern",13,3,1.26551540592264e-10,59.8661434816568,59.8661434815302,2072,159.384615384615,139,0.692928106274898,1.25888601823732,0,"reverse_LDG",27,"Pragian","Pra",413.02,410.62,2.4,"Hothouse","#D6B6B7"
416.32,"Lochkovian","Southern",0.508771940229257,24.728319633926,0.291735828824053,-0.0630302842658864,1.0805741647244,0.10161960757806,0.168576747717996,17,"grid_cell_all_cells_OLS","good","Southern",17,3,1.26551540592264e-10,59.8661434816568,59.8661434815302,2959,174.058823529412,97,0.681159521364808,1.38334650599853,0,"reverse_LDG",26,"Lochkovian","Loc",419.62,413.02,6.6,"Hothouse","#D6B6B7"
421.16,"Pridoli","Southern",-0.192584991848705,46.6400125150885,0.428518168845777,-1.03248060278643,0.647310619089018,0.663755788777382,0.0219495265244837,11,"grid_cell_all_cells_OLS","good","Southern",11,3,6.16488951593962e-10,67.4252297624364,67.4252297618199,1173,106.636363636364,50,0.884994539000084,1.68887151851303,0.181818181818182,"normal_LDG",25,"Pridoli","Pri",422.7,419.62,3.08,"Hothouse","#D6B6B7"
423.85,"Ludfordian","Southern",0.304976766459105,35.5308961958618,0.695862742922231,-1.05891420966847,1.66886774258668,0.676528594747869,0.031020561372893,8,"grid_cell_all_cells_OLS","good","Southern",8,3,3.954525491619e-09,55.7795906865042,55.7795906825497,1424,178,47.5,0.820157475352347,1.65567698716088,0.125,"reverse_LDG",24,"Ludfordian","Lud",425,422.7,2.3,"Hothouse","#D6B6B7"
425.85,"Gorstian","Southern",1.78799853148369,-1.85088306927647,0.47970079186702,0.847784979424335,2.72821208354305,0.0336368821666918,0.82241077847607,5,"grid_cell_all_cells_OLS","good","Southern",5,3,3.954525491619e-09,50.7134130200548,50.7134130161003,928,185.6,84,0.823353403140079,1.33285774165807,0,"reverse_LDG",23,"Gorstian","Gor",426.7,425,1.7,"Warmhouse","#DECABC"
428.65,"Homerian","Southern",0.619616962479874,25.7898686660435,0.567281704166571,-0.492255177686604,1.73148910264635,0.291953534379095,0.0736751609551504,17,"grid_cell_all_cells_OLS","good","Southern",17,3,6.16488951593962e-10,55.7795906865042,55.7795906858877,3628,213.411764705882,145,0.676309477734722,1.11458154313783,0,"reverse_LDG",22,"Homerian","Hom",430.6,426.7,3.9,"Coolhouse","#B3D8D0"
431.75,"Sheinwoodian","Southern",0.464341990617468,32.6373494178281,0.746512802265178,-0.998823101822282,1.92750708305722,0.5611938360703,0.0718227934583798,7,"grid_cell_all_cells_OLS","good","Southern",7,3,7.42959081777158,59.7688858665396,52.339295048768,1304,186.285714285714,48,0.933526767846449,1.38334650599853,0,"reverse_LDG",21,"Sheinwoodian","She",432.9,430.6,2.3,"Coolhouse","#B3D8D0"
435.75,"Telychian","Southern",0.486102413216257,25.9374029638117,0.648684105164077,-0.785318432905333,1.75752325933785,0.466980546832528,0.0414075644536423,15,"grid_cell_all_cells_OLS","good","Southern",15,3,4.08531505315399,46.0460435572826,41.9607285041286,4295,286.333333333333,204,0.596137594808858,1.87807161644667,0.0666666666666667,"reverse_LDG",20,"Telychian","Tel",438.6,432.9,5.7,"Transitional","#E4E4E4"
439.55,"Aeronian","Southern",1.39548955695215,3.92371266592808,0.489884259247328,0.435316408827391,2.35566270507692,0.0247376006310341,0.536871115798208,9,"grid_cell_all_cells_OLS","good","Southern",9,3,7.26849384315721,63.750052708828,56.4815588656708,1250,138.888888888889,96,0.777519109811827,1.58851349296517,0.111111111111111,"reverse_LDG",19,"Aeronian","Aer",440.5,438.6,1.9,"Coolhouse","#B3D8D0"
441.8,"Rhuddanian","Southern",0.341478938483623,37.0452544365862,0.642854946229249,-0.918516756125705,1.60147463309295,0.604979221740511,0.0229734895776557,14,"grid_cell_all_cells_OLS","good","Southern",14,3,2.20451420011633e-09,42.9777833301408,42.9777833279363,2633,188.071428571429,45,0.615396916157822,1.6261686436336,0.0714285714285714,"reverse_LDG",18,"Rhuddanian","Rhu",443.1,440.5,2.6,"Coolhouse","#B3D8D0"
444.15,"Hirnantian","Southern",0.338285509877749,20.1395876158042,0.548236340766211,-0.736257718024025,1.41282873777952,0.547861619610228,0.0284544990232834,15,"grid_cell_all_cells_OLS","good","Southern",15,3,7.75528644464712,59.7688858665396,52.0135994218925,1811,120.733333333333,38,0.842951104810159,1.89518144450779,0.133333333333333,"reverse_LDG",17,"Hirnantian","Hir",445.2,443.1,2.1,"Coolhouse","#B3D8D0"
449,"Katian","Southern",0.296464136527138,29.2105652761645,0.224283170913873,-0.143130878464052,0.736059151518329,0.195050008048539,0.0488774472327307,36,"grid_cell_all_cells_OLS","good","Southern",36,3,2.20451420011633e-09,82.9884517580278,82.9884517558233,17546,487.388888888889,160,0.555206791351869,1.98323877068925,0.0833333333333333,"reverse_LDG",16,"Katian","Kat",452.8,445.2,7.6,"Warmhouse","#DECABC"
455.5,"Sandbian","Southern",0.149621396973399,37.5305417683646,0.261579751959205,-0.363074916866643,0.662317710813441,0.573701284039342,0.0160954140227372,22,"grid_cell_all_cells_OLS","good","Southern",22,3,8.91702874982649e-10,82.9884517580278,82.9884517571361,13554,616.090909090909,215.5,0.560263571829561,1.93485055533146,0.0454545454545455,"reverse_LDG",15,"Sandbian","Sbd",458.2,452.8,5.4,"Warmhouse","#DECABC"
463.8,"Darriwilian","Southern",0.334851068082573,20.610335243947,0.191191340248331,-0.039883958804155,0.709586094969301,0.0897683068809336,0.0900385027828284,33,"grid_cell_all_cells_OLS","good","Southern",33,3,1.26551540592264e-10,82.9884517580278,82.9884517579012,9475,287.121212121212,84,0.690037855298607,1.80824644814693,0.121212121212121,"reverse_LDG",14,"Darriwilian","Dar",469.4,458.2,11.2,"Hothouse","#D6B6B7"
470.35,"Dapingian","Southern",-0.947819121677465,65.3258765010912,1.27367523730544,-3.44422258679613,1.5485843434412,0.510766024254442,0.155827307321024,5,"grid_cell_all_cells_OLS","good","Southern",5,2,3.61254423121571,33.8171496431165,30.2046054119008,468,93.6,24,0.998544396704533,1.86999332474669,0.2,"normal_LDG",13,"Dapingian","Dap",471.3,469.4,1.9,"Hothouse","#D6B6B7"
474.2,"Floian","Southern",0.387277056132468,11.4217868905923,0.210104759742525,-0.0245282729628815,0.799082385227817,0.0776761160856102,0.124010738849212,26,"grid_cell_all_cells_OLS","good","Southern",26,3,3.61254423121571,82.9884517580278,79.3759075268121,2361,90.8076923076923,55.5,0.749447328666252,1.92666515849871,0.0769230769230769,"reverse_LDG",12,"Floian","Flo",477.1,471.3,5.8,"Hothouse","#D6B6B7"
481.975,"Tremadocian","Southern",0.154842473201566,34.3834003844289,0.215937768365444,-0.268395552794704,0.578080499197835,0.478699437151716,0.0163161181948393,33,"grid_cell_all_cells_OLS","good","Southern",33,3,2.0694955291283e-09,75.4880138788193,75.4880138767498,4158,126,56,0.636511784356747,1.93366937338113,0.0909090909090909,"reverse_LDG",11,"Tremadocian","Tre",486.85,477.1,9.75,"Hothouse","#D6B6B7"
