"bin_midpoint","stage","hemisphere","label","n_cells","n_lat_bins","min_abs_lat","max_abs_lat","min_abs_lat_bin_mid","max_abs_lat_bin_mid","n_cells_ge_60","n_cells_ge_66_5","n_cells_ge_70","n_cells_ge_75","prop_cells_ge_60","prop_cells_ge_66_5","prop_cells_ge_70","prop_cells_ge_75","reaches_60","reaches_66_5","reaches_70","reaches_75"
0.00585,"Holocene","Northern","good",44,16,7.75528644499503,82.9884517635243,7.986719,80.405932,11,7,4,3,0.25,0.159090909090909,0.0909090909090909,0.0681818181818182,TRUE,TRUE,TRUE,TRUE
0.00585,"Holocene","Southern","good",13,9,7.26849384056285,67.5278428689591,7.986719,66.77291,2,2,0,0,0.153846153846154,0.153846153846154,0,0,TRUE,TRUE,FALSE,FALSE
1.29585,"Pleistocene","Northern","good",71,17,3.61254422601775,79.841380966896,4.782054,80.405932,8,6,4,2,0.112676056338028,0.0845070422535211,0.0563380281690141,0.028169014084507,TRUE,TRUE,TRUE,TRUE
1.29585,"Pleistocene","Southern","good",27,12,3.61254423121571,73.8495458962554,4.782054,80.405932,1,1,1,0,0.037037037037037,0.037037037037037,0.037037037037037,0,TRUE,TRUE,TRUE,FALSE
3.09,"Piacenzian","Northern","good",30,15,3.61254422601775,66.4175214325077,4.782054,66.77291,2,0,0,0,0.0666666666666667,0,0,0,TRUE,FALSE,FALSE,FALSE
3.09,"Piacenzian","Southern","good",15,10,3.61254423121571,51.9932841051366,4.782054,53.750124,0,0,0,0,0,0,0,0,FALSE,FALSE,FALSE,FALSE
4.4665,"Zanclean","Northern","good",56,17,9.27928154252489e-10,66.4175214325077,1.592369,66.77291,1,0,0,0,0.0178571428571429,0,0,0,TRUE,FALSE,FALSE,FALSE
4.4665,"Zanclean","Southern","good",24,13,3.61254423121571,67.5278428689591,4.782054,66.77291,2,2,0,0,0.0833333333333333,0.0833333333333333,0,0,TRUE,TRUE,FALSE,FALSE
6.2895,"Messinian","Northern","good",23,11,9.27928154252489e-10,46.446619081476,1.592369,48.647908,0,0,0,0,0,0,0,0,FALSE,FALSE,FALSE,FALSE
6.2895,"Messinian","Southern","bad",9,6,14.3789486755807,67.5278428689591,14.483604,66.77291,1,1,0,0,0.111111111111111,0.111111111111111,0,0,TRUE,TRUE,FALSE,FALSE
9.438,"Tortonian","Northern","good",50,17,9.27928154252489e-10,73.8495458966174,1.592369,80.405932,1,1,1,0,0.02,0.02,0.02,0,TRUE,TRUE,TRUE,FALSE
9.438,"Tortonian","Southern","good",23,13,3.61254422825947,51.9932841051366,4.782054,53.750124,0,0,0,0,0,0,0,0,FALSE,FALSE,FALSE,FALSE
12.725,"Serravallian","Northern","good",54,16,9.27928154252489e-10,59.866143480929,1.592369,59.588323,0,0,0,0,0,0,0,0,FALSE,FALSE,FALSE,FALSE
12.725,"Serravallian","Southern","good",17,10,8.91702874982649e-10,49.729945142217,1.592369,48.647908,0,0,0,0,0,0,0,0,FALSE,FALSE,FALSE,FALSE
14.9,"Langhian","Northern","good",21,10,4.08531505121876,59.7585569074557,4.782054,59.588323,0,0,0,0,0,0,0,0,FALSE,FALSE,FALSE,FALSE
14.9,"Langhian","Southern","bad",8,5,3.6522458208122,52.5676550151316,4.782054,53.750124,0,0,0,0,0,0,0,0,FALSE,FALSE,FALSE,FALSE
18.215,"Burdigalian","Northern","good",63,16,9.27928154252489e-10,59.866143480929,1.592369,59.588323,0,0,0,0,0,0,0,0,FALSE,FALSE,FALSE,FALSE
18.215,"Burdigalian","Southern","good",27,13,8.91702874982649e-10,59.7688858774627,1.592369,59.588323,0,0,0,0,0,0,0,0,FALSE,FALSE,FALSE,FALSE
21.745,"Aquitanian","Northern","good",20,9,3.65224582005127,47.8962635996979,4.782054,48.647908,0,0,0,0,0,0,0,0,FALSE,FALSE,FALSE,FALSE
21.745,"Aquitanian","Southern","bad",5,2,14.3789486755807,50.7134130278551,14.483604,48.647908,0,0,0,0,0,0,0,0,FALSE,FALSE,FALSE,FALSE
25.17,"Chattian","Northern","good",41,15,3.61254422601775,59.866143480929,4.782054,59.588323,0,0,0,0,0,0,0,0,FALSE,FALSE,FALSE,FALSE
25.17,"Chattian","Southern","good",12,7,3.61254423121571,59.7688858774627,4.782054,59.588323,0,0,0,0,0,0,0,0,FALSE,FALSE,FALSE,FALSE
30.6,"Rupelian","Northern","good",50,16,3.99517990899584,67.4252297663812,4.782054,66.77291,1,1,0,0,0.02,0.02,0,0,TRUE,TRUE,FALSE,FALSE
30.6,"Rupelian","Southern","good",11,7,7.26849384315721,58.4975317610932,7.986719,59.588323,0,0,0,0,0,0,0,0,FALSE,FALSE,FALSE,FALSE
35.805,"Priabonian","Northern","good",52,16,3.61254422601775,67.4252297663812,4.782054,66.77291,1,1,0,0,0.0192307692307692,0.0192307692307692,0,0,TRUE,TRUE,FALSE,FALSE
35.805,"Priabonian","Southern","bad",12,9,7.26849384315721,67.5278428689591,7.986719,66.77291,1,1,0,0,0.0833333333333333,0.0833333333333333,0,0,TRUE,TRUE,FALSE,FALSE
39.37,"Bartonian","Northern","good",30,12,7.26849383904668,59.8661434807237,7.986719,59.588323,0,0,0,0,0,0,0,0,FALSE,FALSE,FALSE,FALSE
39.37,"Bartonian","Southern","bad",7,4,7.26849384315721,67.5278428689591,7.986719,66.77291,1,1,0,0,0.142857142857143,0.142857142857143,0,0,TRUE,TRUE,FALSE,FALSE
44.55,"Lutetian","Northern","good",53,17,9.27928154252489e-10,67.4252297663812,1.592369,66.77291,2,2,0,0,0.0377358490566038,0.0377358490566038,0,0,TRUE,TRUE,FALSE,FALSE
44.55,"Lutetian","Southern","good",12,9,1.38107368335072e-09,67.5278428689591,1.592369,66.77291,1,1,0,0,0.0833333333333333,0.0833333333333333,0,0,TRUE,TRUE,FALSE,FALSE
52.035,"Ypresian","Northern","good",40,14,4.08713792685411,67.4252297663812,4.782054,66.77291,1,1,0,0,0.025,0.025,0,0,TRUE,TRUE,FALSE,FALSE
52.035,"Ypresian","Southern","good",12,8,1.38107368335072e-09,62.2141685486785,1.592369,59.588323,1,0,0,0,0.0833333333333333,0,0,0,TRUE,FALSE,FALSE,FALSE
57.62,"Thanetian","Northern","good",28,12,4.08531505163447,72.0740681049143,4.782054,80.405932,3,2,1,0,0.107142857142857,0.0714285714285714,0.0357142857142857,0,TRUE,TRUE,TRUE,FALSE
57.62,"Thanetian","Southern","bad",9,5,1.38107368335072e-09,58.4975317610932,1.592369,59.588323,0,0,0,0,0,0,0,0,FALSE,FALSE,FALSE,FALSE
60.45,"Selandian","Northern","bad",10,8,7.75528644286991,67.4252297663812,7.986719,66.77291,2,1,0,0,0.2,0.1,0,0,TRUE,TRUE,FALSE,FALSE
60.45,"Selandian","Southern","bad",3,3,6.33547790948126e-09,54.9528748745432,1.592369,53.750124,0,0,0,0,0,0,0,0,FALSE,FALSE,FALSE,FALSE
63.83,"Danian","Northern","good",32,13,7.75528644286991,79.8413809657469,7.986719,80.405932,1,1,1,1,0.03125,0.03125,0.03125,0.03125,TRUE,TRUE,TRUE,TRUE
63.83,"Danian","Southern","good",9,7,8.05491679801909,62.2141685486785,7.986719,59.588323,1,0,0,0,0.111111111111111,0,0,0,TRUE,FALSE,FALSE,FALSE
69.1,"Maastrichtian","Northern","good",61,16,3.99517990899584,73.8495458980224,4.782054,80.405932,1,1,1,0,0.0163934426229508,0.0163934426229508,0.0163934426229508,0,TRUE,TRUE,TRUE,FALSE
69.1,"Maastrichtian","Southern","bad",19,13,4.2899805428945e-09,62.2141685486785,1.592369,59.588323,1,0,0,0,0.0526315789473684,0,0,0,TRUE,FALSE,FALSE,FALSE
77.9,"Campanian","Northern","good",68,16,3.99517990899584,75.4880138837914,4.782054,80.405932,8,5,4,1,0.117647058823529,0.0735294117647059,0.0588235294117647,0.0147058823529412,TRUE,TRUE,TRUE,TRUE
77.9,"Campanian","Southern","good",23,11,3.99517991127951,65.0900301584896,4.782054,66.77291,2,0,0,0,0.0869565217391304,0,0,0,TRUE,FALSE,FALSE,FALSE
84.65,"Santonian","Northern","good",38,13,7.19887659860661,63.7500527137991,7.986719,66.77291,1,0,0,0,0.0263157894736842,0,0,0,TRUE,FALSE,FALSE,FALSE
84.65,"Santonian","Southern","bad",13,8,7.05861533858885,67.4252297648946,7.986719,66.77291,3,1,0,0,0.230769230769231,0.0769230769230769,0,0,TRUE,TRUE,FALSE,FALSE
87.75,"Coniacian","Northern","good",35,14,7.19887659860661,67.5278428630317,7.986719,66.77291,2,1,0,0,0.0571428571428571,0.0285714285714286,0,0,TRUE,TRUE,FALSE,FALSE
87.75,"Coniacian","Southern","bad",15,9,7.05861533858885,67.5278428689591,7.986719,66.77291,3,1,0,0,0.2,0.0666666666666667,0,0,TRUE,TRUE,FALSE,FALSE
91.85,"Turonian","Northern","good",57,15,7.19887659860661,79.1899781183956,7.986719,80.405932,6,4,2,1,0.105263157894737,0.0701754385964912,0.0350877192982456,0.0175438596491228,TRUE,TRUE,TRUE,TRUE
91.85,"Turonian","Southern","bad",17,9,8.91702874982649e-10,67.5278428689591,1.592369,66.77291,3,2,0,0,0.176470588235294,0.117647058823529,0,0,TRUE,TRUE,FALSE,FALSE
97.2,"Cenomanian","Northern","good",55,13,5.59231793698182e-09,62.2141685432899,1.592369,59.588323,2,0,0,0,0.0363636363636364,0,0,0,TRUE,FALSE,FALSE,FALSE
97.2,"Cenomanian","Southern","good",18,15,8.91702874982649e-10,73.8495458962554,1.592369,80.405932,4,3,2,0,0.222222222222222,0.166666666666667,0.111111111111111,0,TRUE,TRUE,TRUE,FALSE
106.85,"Albian","Northern","good",50,16,4.08713792775566,75.4880138836507,4.782054,80.405932,8,5,4,1,0.16,0.1,0.08,0.02,TRUE,TRUE,TRUE,TRUE
106.85,"Albian","Southern","good",29,14,8.91702874982649e-10,75.4880138895318,1.592369,80.405932,4,4,3,1,0.137931034482759,0.137931034482759,0.103448275862069,0.0344827586206897,TRUE,TRUE,TRUE,TRUE
117.3,"Aptian","Northern","good",42,16,4.08531505163447,75.4880138837914,4.782054,80.405932,4,3,1,1,0.0952380952380952,0.0714285714285714,0.0238095238095238,0.0238095238095238,TRUE,TRUE,TRUE,TRUE
117.3,"Aptian","Southern","good",16,11,12.0768987194304,79.1899781207528,11.216828,80.405932,3,2,2,1,0.1875,0.125,0.125,0.0625,TRUE,TRUE,TRUE,TRUE
123.585,"Barremian","Northern","good",25,13,7.42959081439785,75.4880138837914,7.986719,80.405932,2,2,1,1,0.08,0.08,0.04,0.04,TRUE,TRUE,TRUE,TRUE
123.585,"Barremian","Southern","bad",5,5,8.13449394833837,46.4466190841037,7.986719,48.647908,0,0,0,0,0,0,0,0,FALSE,FALSE,FALSE,FALSE
129.185,"Hauterivian","Northern","bad",28,14,5.59231793698182e-09,75.48801388357,1.592369,80.405932,4,4,1,1,0.142857142857143,0.142857142857143,0.0357142857142857,0.0357142857142857,TRUE,TRUE,TRUE,TRUE
129.185,"Hauterivian","Southern","bad",6,4,6.47285962829153,50.7134130246691,7.986719,48.647908,0,0,0,0,0,0,0,0,FALSE,FALSE,FALSE,FALSE
134.825,"Valanginian","Northern","bad",37,14,12.0022333469104,79.841380966896,11.216828,80.405932,10,9,6,4,0.27027027027027,0.243243243243243,0.162162162162162,0.108108108108108,TRUE,TRUE,TRUE,TRUE
134.825,"Valanginian","Southern","good",8,7,7.4295908042461,71.9435853482326,7.986719,80.405932,1,1,1,0,0.125,0.125,0.125,0,TRUE,TRUE,TRUE,FALSE
140.075,"Berriasian","Northern","good",41,13,5.59231793698182e-09,79.841380966896,1.592369,80.405932,10,8,5,4,0.24390243902439,0.195121951219512,0.121951219512195,0.0975609756097561,TRUE,TRUE,TRUE,TRUE
140.075,"Berriasian","Southern","bad",7,6,27.6050026459102,55.7795906969235,28.1939,53.750124,0,0,0,0,0,0,0,0,FALSE,FALSE,FALSE,FALSE
146.15,"Tithonian","Northern","good",42,13,4.08531505163447,79.841380966896,4.782054,80.405932,9,8,5,4,0.214285714285714,0.19047619047619,0.119047619047619,0.0952380952380952,TRUE,TRUE,TRUE,TRUE
146.15,"Tithonian","Southern","bad",12,9,8.13449394833837,86.3874557702248,7.986719,80.405932,2,1,1,1,0.166666666666667,0.0833333333333333,0.0833333333333333,0.0833333333333333,TRUE,TRUE,TRUE,TRUE
152,"Kimmeridgian","Northern","good",32,15,5.59231793698182e-09,75.4880138837914,1.592369,80.405932,3,3,2,1,0.09375,0.09375,0.0625,0.03125,TRUE,TRUE,TRUE,TRUE
152,"Kimmeridgian","Southern","bad",17,9,7.19887659169657,79.8413809614323,7.986719,80.405932,2,2,1,1,0.117647058823529,0.117647058823529,0.0588235294117647,0.0588235294117647,TRUE,TRUE,TRUE,TRUE
158.15,"Oxfordian","Northern","good",49,15,5.59231793698182e-09,79.841380966896,1.592369,80.405932,7,6,6,3,0.142857142857143,0.122448979591837,0.122448979591837,0.0612244897959184,TRUE,TRUE,TRUE,TRUE
158.15,"Oxfordian","Southern","bad",17,8,7.19887659169657,79.8413809614323,7.986719,80.405932,3,3,2,2,0.176470588235294,0.176470588235294,0.117647058823529,0.117647058823529,TRUE,TRUE,TRUE,TRUE
163.4,"Callovian","Northern","good",43,15,5.59231793698182e-09,75.48801388357,1.592369,80.405932,4,3,3,1,0.0930232558139535,0.0697674418604651,0.0697674418604651,0.0232558139534884,TRUE,TRUE,TRUE,TRUE
163.4,"Callovian","Southern","bad",16,8,7.19887659169657,79.8413809614323,7.986719,80.405932,1,1,1,1,0.0625,0.0625,0.0625,0.0625,TRUE,TRUE,TRUE,TRUE
166.75,"Bathonian","Northern","good",41,17,5.59231793698182e-09,75.48801388357,1.592369,80.405932,2,1,1,1,0.048780487804878,0.024390243902439,0.024390243902439,0.024390243902439,TRUE,TRUE,TRUE,TRUE
166.75,"Bathonian","Southern","bad",18,10,7.4295908042461,79.8413809614323,7.986719,80.405932,3,2,1,1,0.166666666666667,0.111111111111111,0.0555555555555556,0.0555555555555556,TRUE,TRUE,TRUE,TRUE
169.55,"Bajocian","Northern","good",38,13,5.59231793698182e-09,75.48801388357,1.592369,80.405932,4,3,2,1,0.105263157894737,0.0789473684210526,0.0526315789473684,0.0263157894736842,TRUE,TRUE,TRUE,TRUE
169.55,"Bajocian","Southern","bad",13,10,7.4295908042461,79.8413809614323,7.986719,80.405932,3,3,2,1,0.230769230769231,0.230769230769231,0.153846153846154,0.0769230769230769,TRUE,TRUE,TRUE,TRUE
172.8,"Aalenian","Northern","good",22,11,14.3789486740414,72.0740681024471,14.483604,80.405932,4,2,1,0,0.181818181818182,0.0909090909090909,0.0454545454545455,0,TRUE,TRUE,TRUE,FALSE
172.8,"Aalenian","Southern","bad",9,6,12.0768987194304,79.8413809614323,11.216828,80.405932,3,3,3,1,0.333333333333333,0.333333333333333,0.333333333333333,0.111111111111111,TRUE,TRUE,TRUE,TRUE
179.45,"Toarcian","Northern","good",41,14,5.59231793698182e-09,79.8413809657469,1.592369,80.405932,6,3,3,2,0.146341463414634,0.0731707317073171,0.0731707317073171,0.048780487804878,TRUE,TRUE,TRUE,TRUE
179.45,"Toarcian","Southern","bad",13,8,12.0768987194304,79.8413809614323,11.216828,80.405932,4,3,3,1,0.307692307692308,0.230769230769231,0.230769230769231,0.0769230769230769,TRUE,TRUE,TRUE,TRUE
188.55,"Pliensbachian","Northern","good",49,16,3.65224582005127,82.9884517635243,4.782054,80.405932,10,10,9,5,0.204081632653061,0.204081632653061,0.183673469387755,0.102040816326531,TRUE,TRUE,TRUE,TRUE
188.55,"Pliensbachian","Southern","bad",10,6,6.47285962829153,79.8413809614323,7.986719,80.405932,4,3,3,1,0.4,0.3,0.3,0.1,TRUE,TRUE,TRUE,TRUE
196.2,"Sinemurian","Northern","good",37,16,6.47285963157396,71.9435853513676,7.986719,80.405932,2,2,1,0,0.0540540540540541,0.0540540540540541,0.027027027027027,0,TRUE,TRUE,TRUE,FALSE
196.2,"Sinemurian","Southern","good",9,8,2.0694955291283e-09,71.9435853461596,1.592369,80.405932,1,1,1,0,0.111111111111111,0.111111111111111,0.111111111111111,0,TRUE,TRUE,TRUE,FALSE
200.45,"Hettangian","Northern","good",19,12,15.5462647432579,73.8495458966174,14.483604,80.405932,2,2,1,0,0.105263157894737,0.105263157894737,0.0526315789473684,0,TRUE,TRUE,TRUE,FALSE
200.45,"Hettangian","Southern","bad",8,6,2.0694955291283e-09,71.9435853461596,1.592369,80.405932,1,1,1,0,0.125,0.125,0.125,0,TRUE,TRUE,TRUE,FALSE
203.55,"Rhaetian","Northern","good",36,13,3.61254422601775,86.38745577256,4.782054,80.405932,9,8,7,4,0.25,0.222222222222222,0.194444444444444,0.111111111111111,TRUE,TRUE,TRUE,TRUE
203.55,"Rhaetian","Southern","good",14,10,3.65224582307116,71.9435853461596,4.782054,80.405932,3,2,1,0,0.214285714285714,0.142857142857143,0.0714285714285714,0,TRUE,TRUE,TRUE,FALSE
216.5,"Norian","Northern","good",71,17,3.61254422601775,86.38745577256,4.782054,80.405932,13,10,8,7,0.183098591549296,0.140845070422535,0.112676056338028,0.0985915492957746,TRUE,TRUE,TRUE,TRUE
216.5,"Norian","Southern","good",18,13,2.0694955291283e-09,75.488013877991,1.592369,80.405932,3,3,2,1,0.166666666666667,0.166666666666667,0.111111111111111,0.0555555555555556,TRUE,TRUE,TRUE,TRUE
232.15,"Carnian","Northern","good",46,15,1.89529855723834e-09,86.38745577256,1.592369,80.405932,9,8,7,5,0.195652173913043,0.173913043478261,0.152173913043478,0.108695652173913,TRUE,TRUE,TRUE,TRUE
232.15,"Carnian","Southern","bad",15,10,5.62415910369658e-10,79.8413809635514,1.592369,80.405932,2,2,2,2,0.133333333333333,0.133333333333333,0.133333333333333,0.133333333333333,TRUE,TRUE,TRUE,TRUE
239.232,"Ladinian","Northern","good",32,14,1.89529855723834e-09,79.841380966896,1.592369,80.405932,7,5,4,2,0.21875,0.15625,0.125,0.0625,TRUE,TRUE,TRUE,TRUE
239.232,"Ladinian","Southern","bad",12,9,1.26551540592264e-10,73.8495458962554,1.592369,80.405932,2,2,2,0,0.166666666666667,0.166666666666667,0.166666666666667,0,TRUE,TRUE,TRUE,FALSE
244.082,"Anisian","Northern","good",35,16,1.89529855723834e-09,79.1899781207881,1.592369,80.405932,6,4,3,1,0.171428571428571,0.114285714285714,0.0857142857142857,0.0285714285714286,TRUE,TRUE,TRUE,TRUE
244.082,"Anisian","Southern","bad",16,8,9.27932663074267e-10,73.8495458962554,1.592369,80.405932,2,2,2,0,0.125,0.125,0.125,0,TRUE,TRUE,TRUE,FALSE
248.3,"Olenekian","Northern","good",26,15,3.81498050304599e-09,79.1899781207881,1.592369,80.405932,4,3,2,1,0.153846153846154,0.115384615384615,0.0769230769230769,0.0384615384615385,TRUE,TRUE,TRUE,TRUE
248.3,"Olenekian","Southern","bad",8,7,5.62415910369658e-10,47.8962635956082,1.592369,48.647908,0,0,0,0,0,0,0,0,FALSE,FALSE,FALSE,FALSE
250.901,"Induan","Northern","good",35,17,3.81498050304599e-09,79.1899781207881,1.592369,80.405932,5,4,3,1,0.142857142857143,0.114285714285714,0.0857142857142857,0.0285714285714286,TRUE,TRUE,TRUE,TRUE
250.901,"Induan","Southern","good",15,11,5.62415910369658e-10,58.4975317610932,1.592369,59.588323,0,0,0,0,0,0,0,0,FALSE,FALSE,FALSE,FALSE
253.021,"Changhsingian","Northern","good",20,13,5.59231793698182e-09,79.1899781207881,1.592369,80.405932,3,3,2,1,0.15,0.15,0.1,0.05,TRUE,TRUE,TRUE,TRUE
253.021,"Changhsingian","Southern","good",21,12,5.62415910369658e-10,79.1899781207528,1.592369,80.405932,2,2,2,1,0.0952380952380952,0.0952380952380952,0.0952380952380952,0.0476190476190476,TRUE,TRUE,TRUE,TRUE
256.825,"Wuchiapingian","Northern","good",37,16,3.81498050304599e-09,73.8495458967467,1.592369,80.405932,3,2,1,0,0.0810810810810811,0.0540540540540541,0.027027027027027,0,TRUE,TRUE,TRUE,FALSE
256.825,"Wuchiapingian","Southern","good",32,14,5.62415910369658e-10,79.8413809635514,1.592369,80.405932,6,4,4,2,0.1875,0.125,0.125,0.0625,TRUE,TRUE,TRUE,TRUE
261.895,"Capitanian","Northern","good",32,14,5.62411473439474e-10,79.1899781207881,1.592369,80.405932,5,4,3,1,0.15625,0.125,0.09375,0.03125,TRUE,TRUE,TRUE,TRUE
261.895,"Capitanian","Southern","good",27,16,5.62415910369658e-10,73.8495458962554,1.592369,80.405932,3,2,2,0,0.111111111111111,0.0740740740740741,0.0740740740740741,0,TRUE,TRUE,TRUE,FALSE
265.59,"Wordian","Northern","good",38,16,5.62411473439474e-10,79.1899781207881,1.592369,80.405932,5,4,3,1,0.131578947368421,0.105263157894737,0.0789473684210526,0.0263157894736842,TRUE,TRUE,TRUE,TRUE
265.59,"Wordian","Southern","good",32,15,5.62415910369658e-10,79.8413809635514,1.592369,80.405932,5,4,4,2,0.15625,0.125,0.125,0.0625,TRUE,TRUE,TRUE,TRUE
270.65,"Roadian","Northern","good",50,17,5.62411473439474e-10,79.1899781207881,1.592369,80.405932,7,5,4,1,0.14,0.1,0.08,0.02,TRUE,TRUE,TRUE,TRUE
270.65,"Roadian","Southern","good",35,16,5.62415910369658e-10,79.8413809635514,1.592369,80.405932,6,4,3,2,0.171428571428571,0.114285714285714,0.0857142857142857,0.0571428571428571,TRUE,TRUE,TRUE,TRUE
278.85,"Kungurian","Northern","good",38,16,3.61254422897399,73.8495458967467,4.782054,80.405932,5,3,2,0,0.131578947368421,0.0789473684210526,0.0526315789473684,0,TRUE,TRUE,TRUE,FALSE
278.85,"Kungurian","Southern","good",29,14,5.62415910369658e-10,79.1899781207528,1.592369,80.405932,4,3,2,1,0.137931034482759,0.103448275862069,0.0689655172413793,0.0344827586206897,TRUE,TRUE,TRUE,TRUE
286.7,"Artinskian","Northern","good",26,13,3.99517991036039,67.4252297651009,4.782054,66.77291,2,1,0,0,0.0769230769230769,0.0384615384615385,0,0,TRUE,TRUE,FALSE,FALSE
286.7,"Artinskian","Southern","bad",30,15,6.16488951593962e-10,73.8495458962554,1.592369,80.405932,4,2,1,0,0.133333333333333,0.0666666666666667,0.0333333333333333,0,TRUE,TRUE,TRUE,FALSE
291.81,"Sakmarian","Northern","good",28,14,3.99517991036039,67.4252297651009,4.782054,66.77291,2,1,0,0,0.0714285714285714,0.0357142857142857,0,0,TRUE,TRUE,FALSE,FALSE
291.81,"Sakmarian","Southern","good",33,12,3.99517991045348,73.8495458962554,4.782054,80.405932,6,3,1,0,0.181818181818182,0.0909090909090909,0.0303030303030303,0,TRUE,TRUE,TRUE,FALSE
296.21,"Asselian","Northern","good",31,14,3.99517991036039,67.4252297651009,4.782054,66.77291,2,1,0,0,0.0645161290322581,0.032258064516129,0,0,TRUE,TRUE,FALSE,FALSE
296.21,"Asselian","Southern","good",28,14,3.99517991045348,67.5278428576295,4.782054,66.77291,4,2,0,0,0.142857142857143,0.0714285714285714,0,0,TRUE,TRUE,FALSE,FALSE
301.3,"Gzhelian","Northern","good",13,10,3.99517991036039,59.758556912795,4.782054,59.588323,0,0,0,0,0,0,0,0,FALSE,FALSE,FALSE,FALSE
301.3,"Gzhelian","Southern","good",12,9,6.16488951593962e-10,47.4513518070801,1.592369,48.647908,0,0,0,0,0,0,0,0,FALSE,FALSE,FALSE,FALSE
305.35,"Kasimovian","Northern","bad",10,6,7.42959081439785,37.6237064727637,7.986719,35.709438,0,0,0,0,0,0,0,0,FALSE,FALSE,FALSE,FALSE
305.35,"Kasimovian","Southern","bad",9,5,6.16488951593962e-10,33.365767806461,1.592369,31.874494,0,0,0,0,0,0,0,0,FALSE,FALSE,FALSE,FALSE
311.1,"Moscovian","Northern","bad",18,8,7.26849384056285,58.282525589545,7.986719,59.588323,0,0,0,0,0,0,0,0,FALSE,FALSE,FALSE,FALSE
311.1,"Moscovian","Southern","good",23,13,8.91702874982649e-10,59.7688858665396,1.592369,59.588323,0,0,0,0,0,0,0,0,FALSE,FALSE,FALSE,FALSE
319.3,"Bashkirian","Northern","good",14,8,4.08531505163447,58.282525589545,4.782054,59.588323,0,0,0,0,0,0,0,0,FALSE,FALSE,FALSE,FALSE
319.3,"Bashkirian","Southern","good",26,14,1.26551540592264e-10,67.5278428576295,1.592369,66.77291,2,1,0,0,0.0769230769230769,0.0384615384615385,0,0,TRUE,TRUE,FALSE,FALSE
326.85,"Serpukhovian","Northern","bad",14,8,1.89529855723834e-09,42.977783333076,1.592369,44.024286,0,0,0,0,0,0,0,0,FALSE,FALSE,FALSE,FALSE
326.85,"Serpukhovian","Southern","good",21,12,8.91702874982649e-10,62.2141685483821,1.592369,59.588323,1,0,0,0,0.0476190476190476,0,0,0,TRUE,FALSE,FALSE,FALSE
338.5,"Visean","Northern","bad",18,10,1.89529855723834e-09,52.567655013633,1.592369,53.750124,0,0,0,0,0,0,0,0,FALSE,FALSE,FALSE,FALSE
338.5,"Visean","Southern","good",36,14,8.91702874982649e-10,62.2141685483821,1.592369,59.588323,1,0,0,0,0.0277777777777778,0,0,0,TRUE,FALSE,FALSE,FALSE
352.78,"Tournaisian","Northern","bad",3,3,4.08713792775566,46.046043555808,4.782054,44.024286,0,0,0,0,0,0,0,0,FALSE,FALSE,FALSE,FALSE
352.78,"Tournaisian","Southern","good",45,15,8.91702874982649e-10,69.0948425583988,1.592369,66.77291,2,1,0,0,0.0444444444444444,0.0222222222222222,0,0,TRUE,TRUE,FALSE,FALSE
365.505,"Famennian","Northern","bad",8,6,5.62411473439474e-10,40.0054817804346,1.592369,39.740101,0,0,0,0,0,0,0,0,FALSE,FALSE,FALSE,FALSE
365.505,"Famennian","Southern","good",34,12,1.26551540592264e-10,40.0054817785993,1.592369,39.740101,0,0,0,0,0,0,0,0,FALSE,FALSE,FALSE,FALSE
377.23,"Frasnian","Northern","bad",9,5,5.62411473439474e-10,39.2341611098997,1.592369,39.740101,0,0,0,0,0,0,0,0,FALSE,FALSE,FALSE,FALSE
377.23,"Frasnian","Southern","good",52,14,6.16488951593962e-10,67.4252297653786,1.592369,66.77291,1,1,0,0,0.0192307692307692,0.0192307692307692,0,0,TRUE,TRUE,FALSE,FALSE
385.13,"Givetian","Northern","good",10,7,9.27928154252489e-10,39.234161111352,1.592369,39.740101,0,0,0,0,0,0,0,0,FALSE,FALSE,FALSE,FALSE
385.13,"Givetian","Southern","good",56,16,6.16488951593962e-10,82.9884517690208,1.592369,80.405932,10,8,6,4,0.178571428571429,0.142857142857143,0.107142857142857,0.0714285714285714,TRUE,TRUE,TRUE,TRUE
390.71,"Eifelian","Northern","bad",8,5,9.27928154252489e-10,40.0054817804346,1.592369,39.740101,0,0,0,0,0,0,0,0,FALSE,FALSE,FALSE,FALSE
390.71,"Eifelian","Southern","good",43,17,6.16488951593962e-10,79.8413809691306,1.592369,80.405932,8,5,2,2,0.186046511627907,0.116279069767442,0.0465116279069767,0.0465116279069767,TRUE,TRUE,TRUE,TRUE
402.045,"Emsian","Northern","good",20,10,9.27928154252489e-10,39.9747255378545,1.592369,39.740101,0,0,0,0,0,0,0,0,FALSE,FALSE,FALSE,FALSE
402.045,"Emsian","Southern","good",63,17,1.26551540592264e-10,86.3874557702248,1.592369,80.405932,13,10,8,4,0.206349206349206,0.158730158730159,0.126984126984127,0.0634920634920635,TRUE,TRUE,TRUE,TRUE
411.82,"Pragian","Northern","bad",8,4,3.99517990899584,33.1679172221827,4.782054,31.874494,0,0,0,0,0,0,0,0,FALSE,FALSE,FALSE,FALSE
411.82,"Pragian","Southern","good",30,16,1.26551540592264e-10,75.488013877991,1.592369,80.405932,3,2,1,1,0.1,0.0666666666666667,0.0333333333333333,0.0333333333333333,TRUE,TRUE,TRUE,TRUE
416.32,"Lochkovian","Northern","bad",14,8,3.99517990899584,45.5739942769584,4.782054,44.024286,0,0,0,0,0,0,0,0,FALSE,FALSE,FALSE,FALSE
416.32,"Lochkovian","Southern","good",37,17,1.26551540592264e-10,75.4880138885421,1.592369,80.405932,5,3,2,1,0.135135135135135,0.0810810810810811,0.0540540540540541,0.027027027027027,TRUE,TRUE,TRUE,TRUE
421.16,"Pridoli","Northern","bad",6,3,4.0853150535697,37.6237064720145,4.782054,35.709438,0,0,0,0,0,0,0,0,FALSE,FALSE,FALSE,FALSE
421.16,"Pridoli","Southern","good",30,13,1.26551540592264e-10,73.8495458935612,1.592369,80.405932,2,2,1,0,0.0666666666666667,0.0666666666666667,0.0333333333333333,0,TRUE,TRUE,TRUE,FALSE
423.85,"Ludfordian","Northern","bad",1,1,12.0022333469104,12.0022333469104,11.216828,11.216828,0,0,0,0,0,0,0,0,FALSE,FALSE,FALSE,FALSE
423.85,"Ludfordian","Southern","good",18,9,6.16488951593962e-10,58.4975317554346,1.592369,59.588323,0,0,0,0,0,0,0,0,FALSE,FALSE,FALSE,FALSE
425.85,"Gorstian","Northern","bad",1,1,7.19887659582398,7.19887659582398,7.986719,7.986719,0,0,0,0,0,0,0,0,FALSE,FALSE,FALSE,FALSE
425.85,"Gorstian","Southern","bad",16,9,6.16488951593962e-10,79.8413809614323,1.592369,80.405932,4,3,3,1,0.25,0.1875,0.1875,0.0625,TRUE,TRUE,TRUE,TRUE
428.65,"Homerian","Northern","good",19,9,1.38107230685091e-09,45.5739942769584,1.592369,44.024286,0,0,0,0,0,0,0,0,FALSE,FALSE,FALSE,FALSE
428.65,"Homerian","Southern","good",32,15,1.26551540592264e-10,73.8495458935612,1.592369,80.405932,2,1,1,0,0.0625,0.03125,0.03125,0,TRUE,TRUE,TRUE,FALSE
431.75,"Sheinwoodian","Northern","bad",4,3,4.0853150535697,14.4463806557236,4.782054,14.483604,0,0,0,0,0,0,0,0,FALSE,FALSE,FALSE,FALSE
431.75,"Sheinwoodian","Southern","good",13,9,4.2899805428945e-09,59.7688858665396,1.592369,59.588323,0,0,0,0,0,0,0,0,FALSE,FALSE,FALSE,FALSE
435.75,"Telychian","Northern","good",21,10,9.27928154252489e-10,39.9747255378545,1.592369,39.740101,0,0,0,0,0,0,0,0,FALSE,FALSE,FALSE,FALSE
435.75,"Telychian","Southern","good",43,17,2.0694955291283e-09,82.9884517690208,1.592369,80.405932,7,6,6,4,0.162790697674419,0.13953488372093,0.13953488372093,0.0930232558139535,TRUE,TRUE,TRUE,TRUE
439.55,"Aeronian","Northern","bad",8,6,3.65224582005127,26.6174318458458,4.782054,28.1939,0,0,0,0,0,0,0,0,FALSE,FALSE,FALSE,FALSE
439.55,"Aeronian","Southern","good",21,13,7.26849384315721,71.9435853461596,7.986719,80.405932,2,1,1,0,0.0952380952380952,0.0476190476190476,0.0476190476190476,0,TRUE,TRUE,TRUE,FALSE
441.8,"Rhuddanian","Northern","good",11,6,9.27928154252489e-10,31.8079668257209,1.592369,31.874494,0,0,0,0,0,0,0,0,FALSE,FALSE,FALSE,FALSE
441.8,"Rhuddanian","Southern","good",20,12,6.16488951593962e-10,63.750052708828,1.592369,66.77291,1,0,0,0,0.05,0,0,0,TRUE,FALSE,FALSE,FALSE
444.15,"Hirnantian","Northern","bad",9,6,9.27928154252489e-10,19.8712371352927,1.592369,21.178301,0,0,0,0,0,0,0,0,FALSE,FALSE,FALSE,FALSE
444.15,"Hirnantian","Southern","good",29,13,7.75528644464712,86.3874557702248,7.986719,80.405932,5,4,4,3,0.172413793103448,0.137931034482759,0.137931034482759,0.103448275862069,TRUE,TRUE,TRUE,TRUE
449,"Katian","Northern","bad",31,8,9.27928154252489e-10,27.6050026484031,1.592369,28.1939,0,0,0,0,0,0,0,0,FALSE,FALSE,FALSE,FALSE
449,"Katian","Southern","good",61,16,6.16488951593962e-10,82.9884517580278,1.592369,80.405932,8,7,5,4,0.131147540983607,0.114754098360656,0.0819672131147541,0.0655737704918033,TRUE,TRUE,TRUE,TRUE
455.5,"Sandbian","Northern","bad",23,6,3.65224582005127,27.6050026484031,4.782054,28.1939,0,0,0,0,0,0,0,0,FALSE,FALSE,FALSE,FALSE
455.5,"Sandbian","Southern","good",55,18,1.26551540592264e-10,82.9884517580278,1.592369,80.405932,9,7,5,3,0.163636363636364,0.127272727272727,0.0909090909090909,0.0545454545454545,TRUE,TRUE,TRUE,TRUE
463.8,"Darriwilian","Northern","bad",27,8,1.38107230685091e-09,31.8079668203344,1.592369,31.874494,0,0,0,0,0,0,0,0,FALSE,FALSE,FALSE,FALSE
463.8,"Darriwilian","Southern","good",60,18,1.26551540592264e-10,82.9884517580278,1.592369,80.405932,6,6,4,3,0.1,0.1,0.0666666666666667,0.05,TRUE,TRUE,TRUE,TRUE
470.35,"Dapingian","Northern","good",9,6,7.19887659860661,35.2643896801726,7.986719,35.709438,0,0,0,0,0,0,0,0,FALSE,FALSE,FALSE,FALSE
470.35,"Dapingian","Southern","good",18,11,2.0694955291283e-09,62.2141685377112,1.592369,59.588323,1,0,0,0,0.0555555555555556,0,0,0,TRUE,FALSE,FALSE,FALSE
474.2,"Floian","Northern","good",17,8,2.06949104744925e-09,35.2643896801726,1.592369,35.709438,0,0,0,0,0,0,0,0,FALSE,FALSE,FALSE,FALSE
474.2,"Floian","Southern","good",50,17,2.0694955291283e-09,82.9884517580278,1.592369,80.405932,7,5,3,3,0.14,0.1,0.06,0.06,TRUE,TRUE,TRUE,TRUE
481.975,"Tremadocian","Northern","bad",21,8,1.38107230685091e-09,27.6050026428908,1.592369,28.1939,0,0,0,0,0,0,0,0,FALSE,FALSE,FALSE,FALSE
481.975,"Tremadocian","Southern","good",50,18,8.91702874982649e-10,75.4880138788193,1.592369,80.405932,8,5,3,1,0.16,0.1,0.06,0.02,TRUE,TRUE,TRUE,TRUE
