"bin_midpoint","slope","intercept","quantile","hemisphere","label","color"
0.00585,-1.00882412555193,83.4545979595721,"q50","Northern","good","Northern"
1.29585,-0.162606319297136,21.7744359565838,"q50","Northern","good","Northern"
3.09,-0.557023935437887,55.1160931251443,"q50","Northern","good","Northern"
4.4665,-0.521877107494489,41.2183331287194,"q50","Northern","good","Northern"
6.2895,-1.55452241955286,94.9321614064191,"q50","Northern","good","Northern"
9.438,-0.861174697496553,68.6249287277601,"q50","Northern","good","Northern"
12.725,-0.00282153317326724,10.7821202583433,"q50","Northern","good","Northern"
14.9,-0.418457067710643,29.9458873391542,"q50","Northern","good","Northern"
18.215,-0.133352603123533,15.0671702333119,"q50","Northern","good","Northern"
21.745,-1.34156023089813,68.9164877675252,"q50","Northern","good","Northern"
25.17,-0.15689706774462,30.1460883448751,"q50","Northern","good","Northern"
30.6,0.273891284489527,8.44815850111772,"q50","Northern","good","Northern"
35.805,0.105718377978928,9.4965855893387,"q50","Northern","good","Northern"
39.37,-0.0859972326403646,21.1290245084724,"q50","Northern","good","Northern"
44.55,-0.033847504939624,11.1492241509565,"q50","Northern","good","Northern"
52.035,0.372257421936139,12.9837469981668,"q50","Northern","good","Northern"
57.62,-0.663051172105969,68.7127332744429,"q50","Northern","bad","Bad hemisphere"
60.45,0.354031999872971,58.0228386007814,"q50","Northern","bad","Bad hemisphere"
63.83,0.749956725601203,4.05548705606392,"q50","Northern","bad","Bad hemisphere"
69.1,0.39928938349428,0.44995423179147,"q50","Northern","good","Northern"
77.9,-0.150854820440482,17.4207404639637,"q50","Northern","good","Northern"
84.65,-0.522515223948275,36.1744013975099,"q50","Northern","good","Northern"
87.75,-0.497732792807465,29.4147344118921,"q50","Northern","good","Northern"
91.85,-0.00898410359265286,17.560380719085,"q50","Northern","good","Northern"
97.2,-0.225953035607985,22.443163438305,"q50","Northern","good","Northern"
106.85,-0.347722085824584,27.5434065549922,"q50","Northern","good","Northern"
117.3,-0.296363407595217,29.108570346756,"q50","Northern","good","Northern"
123.585,-0.495698399547241,59.8412742682183,"q50","Northern","good","Northern"
129.185,-0.79852158723527,63.5591255227934,"q50","Northern","bad","Bad hemisphere"
134.825,0.609948062644544,-4.3106070536796,"q50","Northern","bad","Bad hemisphere"
140.075,-0.157915531765869,37.0856209983003,"q50","Northern","good","Northern"
146.15,-0.0211152443122621,21.6198517646022,"q50","Northern","good","Northern"
152,-0.825249934342514,85.3557981279946,"q50","Northern","bad","Bad hemisphere"
158.15,-0.349471082120605,27.6635429197587,"q50","Northern","good","Northern"
163.4,-1.48954294069175,75.0404056258297,"q50","Northern","good","Northern"
166.75,-0.558219839074367,47.9835241143809,"q50","Northern","good","Northern"
169.55,-0.437998777591411,32.6956523249527,"q50","Northern","good","Northern"
172.8,0.325832112089266,5.63563477820062,"q50","Northern","good","Northern"
179.45,-0.231368741704557,25.9281299911677,"q50","Northern","good","Northern"
188.55,-0.0488481210837301,18.7282448921875,"q50","Northern","good","Northern"
196.2,-0.258609740603045,32.8348985629759,"q50","Northern","good","Northern"
200.45,0.151304731298414,3.22770791008639,"q50","Northern","good","Northern"
203.55,0.139625062250478,14.5389964304485,"q50","Northern","good","Northern"
216.5,-0.00928512370589689,16.1143099305244,"q50","Northern","good","Northern"
232.15,-0.0792108213920036,9.39472712742299,"q50","Northern","good","Northern"
239.232,0.0115610737071314,19.9696528193703,"q50","Northern","good","Northern"
244.082,-0.0151936422333922,16.3889486715161,"q50","Northern","good","Northern"
248.3,-0.0758902419951023,44.6921713330879,"q50","Northern","good","Northern"
250.901,-0.0635257734208254,29.8043239187319,"q50","Northern","good","Northern"
253.021,-0.397765942321219,32.1725520940696,"q50","Northern","good","Northern"
256.825,-0.265598595412398,33.3357653908768,"q50","Northern","good","Northern"
261.895,-0.110381973436918,24.0958995356614,"q50","Northern","good","Northern"
265.59,-0.314891035478722,37.7784798323247,"q50","Northern","good","Northern"
270.65,-0.300025204111586,24.4120202026269,"q50","Northern","good","Northern"
278.85,-0.231696311059473,22.7430072670478,"q50","Northern","good","Northern"
286.7,-1.69316860169941,76.4649864241112,"q50","Northern","good","Northern"
291.81,0.0713223245997,29.8098278735626,"q50","Northern","good","Northern"
296.21,-0.0570412371510883,17.3716828253563,"q50","Northern","good","Northern"
301.3,-0.599098862066207,38.8588532225792,"q50","Northern","good","Northern"
305.35,-0.279507017054898,13.4069178759257,"q50","Northern","bad","Bad hemisphere"
311.1,-0.101870504444602,8.88045915569091,"q50","Northern","good","Northern"
319.3,-0.15297616806427,32.4941454973255,"q50","Northern","good","Northern"
326.85,-1.69180901169531,50.3182645981777,"q50","Northern","bad","Bad hemisphere"
338.5,0.0585549261756664,5.7094308876083,"q50","Northern","good","Northern"
365.505,-0.293041045640163,9.8456559483654,"q50","Northern","bad","Bad hemisphere"
377.23,-0.536459061260188,71.9106929480687,"q50","Northern","bad","Bad hemisphere"
385.13,0.413193097137616,2.48839359429675,"q50","Northern","bad","Bad hemisphere"
402.045,0.0214288908360819,19.7400572949663,"q50","Northern","good","Northern"
416.32,-1.64272817679406,32.5273650167322,"q50","Northern","bad","Bad hemisphere"
428.65,-0.484360060268275,34.6602502336241,"q50","Northern","good","Northern"
435.75,-0.165289580844594,15.4237510727654,"q50","Northern","good","Northern"
441.8,-0.887849609893605,65.4460082015292,"q50","Northern","good","Northern"
444.15,0.246384593299778,27.2197271244588,"q50","Northern","bad","Bad hemisphere"
449,-0.453076384889163,22.632981214327,"q50","Northern","good","Northern"
455.5,0.657649484308855,8.96655995199145,"q50","Northern","bad","Bad hemisphere"
463.8,-0.342959592265351,13.7715813655089,"q50","Northern","good","Northern"
470.35,-2.50602948270614,105.912800542659,"q50","Northern","good","Northern"
474.2,-0.467000673651395,21.3540158245476,"q50","Northern","good","Northern"
481.975,-0.572764276366702,36.3464028528934,"q50","Northern","good","Northern"
0.00585,0.107627098866029,23.5130453691718,"q50","Southern","good","Southern"
1.29585,-0.174003515407567,19.6920418422079,"q50","Southern","good","Southern"
3.09,-0.598251584625697,32.1636891841333,"q50","Southern","good","Southern"
4.4665,-0.233362753051365,24.1518172752191,"q50","Southern","good","Southern"
9.438,-1.00556653583316,48.5194625953487,"q50","Southern","good","Southern"
12.725,-0.0573641441901187,10.7828340543334,"q50","Southern","good","Southern"
18.215,-0.0298276812717266,13.1144902947615,"q50","Southern","good","Southern"
25.17,0.463504295774726,-0.990409766831627,"q50","Southern","good","Southern"
30.6,0.135196189016408,4.72610639392975,"q50","Southern","bad","Bad hemisphere"
35.805,0.0504159927495472,6.3014278878345,"q50","Southern","bad","Bad hemisphere"
39.37,-1.02828738504826,71.2985318657711,"q50","Southern","bad","Bad hemisphere"
44.55,-0.35421225806447,23.1040450257315,"q50","Southern","good","Southern"
52.035,0.336144205863512,7.12930074244083,"q50","Southern","good","Southern"
57.62,0.606748971444697,4.33173067178891,"q50","Southern","bad","Bad hemisphere"
63.83,0.100987339825176,19.0042869381439,"q50","Southern","good","Southern"
69.1,0.213441810361274,5.67576165556444,"q50","Southern","bad","Bad hemisphere"
77.9,0.219779446792516,0.636612904129885,"q50","Southern","good","Southern"
84.65,-0.292067410841954,52.359810498592,"q50","Southern","bad","Bad hemisphere"
87.75,-0.898149890617553,66.7212964528704,"q50","Southern","bad","Bad hemisphere"
91.85,-0.523615665816796,45.0002266394725,"q50","Southern","bad","Bad hemisphere"
97.2,-0.340949650733545,38.7852442563492,"q50","Southern","good","Southern"
106.85,-0.0403626172327969,25.6083293217624,"q50","Southern","good","Southern"
117.3,0.0116953794350404,8.46066948234327,"q50","Southern","good","Southern"
123.585,-1.06993682188115,80.4759036174877,"q50","Southern","good","Southern"
129.185,-4.04300771223359,200.006263279428,"q50","Southern","bad","Bad hemisphere"
134.825,0.288778741035599,10.138590934035,"q50","Southern","good","Southern"
146.15,-1.50393321081345,102.688340574327,"q50","Southern","bad","Bad hemisphere"
152,-0.382346162625485,46.7235755427487,"q50","Southern","good","Southern"
158.15,-0.297979769439973,38.0113846334696,"q50","Southern","good","Southern"
163.4,-0.0572369918423815,40.1759290327235,"q50","Southern","good","Southern"
166.75,-0.611931829732202,50.3412719086705,"q50","Southern","good","Southern"
169.55,-0.634760218601864,44.3173490301005,"q50","Southern","good","Southern"
172.8,-3.39874604328224,123.74387361917,"q50","Southern","bad","Bad hemisphere"
179.45,-0.363381028638283,50.7180140104383,"q50","Southern","good","Southern"
188.55,-0.668636189907628,57.4221534334788,"q50","Southern","bad","Bad hemisphere"
196.2,-0.243612661593974,48.5054539020084,"q50","Southern","good","Southern"
200.45,-0.00709628631762699,7.77317835589638,"q50","Southern","good","Southern"
203.55,-0.975968089375034,81.5800778593281,"q50","Southern","good","Southern"
216.5,-0.192135538845576,23.7689386367058,"q50","Southern","good","Southern"
232.15,0.286222975318758,-2.3474683721319,"q50","Southern","bad","Bad hemisphere"
239.232,-0.170118994169203,15.3056221247303,"q50","Southern","bad","Bad hemisphere"
244.082,-0.616812721290691,43.0480861720427,"q50","Southern","good","Southern"
248.3,0.127248461496664,24.6303540592419,"q50","Southern","good","Southern"
250.901,0.279311223518746,6.36605686381429,"q50","Southern","good","Southern"
253.021,0.341116776765366,22.1021290475152,"q50","Southern","good","Southern"
256.825,-0.268601909831843,34.6694935336222,"q50","Southern","good","Southern"
261.895,0.126058130869231,12.7031294515219,"q50","Southern","good","Southern"
265.59,-0.185962402700357,29.0735298805549,"q50","Southern","good","Southern"
270.65,-0.330716979195076,36.5178501280542,"q50","Southern","good","Southern"
278.85,-0.0174885892430194,17.4058070300835,"q50","Southern","good","Southern"
286.7,-0.303516701232876,38.2880664618709,"q50","Southern","good","Southern"
291.81,-0.488198366657905,59.8798584903098,"q50","Southern","good","Southern"
296.21,-0.853378705880011,65.8930380152848,"q50","Southern","good","Southern"
301.3,-0.941256119807256,34.7639414719809,"q50","Southern","good","Southern"
311.1,-0.168890908817264,19.2312342197677,"q50","Southern","good","Southern"
319.3,-0.504429457137766,50.830194388971,"q50","Southern","good","Southern"
326.85,-0.347929030012534,36.3785350943285,"q50","Southern","good","Southern"
338.5,0.407300651679812,14.7133155992303,"q50","Southern","good","Southern"
352.78,-0.127061490376834,23.2760411137813,"q50","Southern","good","Southern"
365.505,0.0898522546284811,11.0581881604048,"q50","Southern","good","Southern"
377.23,0.42233751242612,30.4031367848972,"q50","Southern","good","Southern"
385.13,-0.0381888288930389,12.6523194674647,"q50","Southern","good","Southern"
390.71,-0.0911636279623268,27.7428108446087,"q50","Southern","good","Southern"
402.045,-0.149642776066592,31.1201170940165,"q50","Southern","good","Southern"
411.82,0.135060684870823,8.63254369606439,"q50","Southern","good","Southern"
416.32,0.226793784802772,25.1901722905586,"q50","Southern","good","Southern"
421.16,-0.0325149537937939,24.7259004975169,"q50","Southern","good","Southern"
423.85,0.542942713645451,29.860427652692,"q50","Southern","good","Southern"
425.85,2.17573890899114,-15.4582163355483,"q50","Southern","good","Southern"
428.65,1.5638258139481,-6.3789524084505,"q50","Southern","good","Southern"
431.75,0.20193846404175,26.9567279897131,"q50","Southern","good","Southern"
435.75,-0.394591207307476,29.9943845111433,"q50","Southern","good","Southern"
439.55,1.21874101937662,5.16315733004747,"q50","Southern","good","Southern"
441.8,0.578027175810626,30.6539611953603,"q50","Southern","good","Southern"
444.15,0.982579081922547,14.5721126048228,"q50","Southern","good","Southern"
449,0.0812987421207448,12.4655690849787,"q50","Southern","good","Southern"
455.5,-0.164559837203051,37.1047696601564,"q50","Southern","good","Southern"
463.8,0.210801293799581,11.0420021102972,"q50","Southern","good","Southern"
470.35,0.0650698889890773,34.2380827729539,"q50","Southern","bad","Bad hemisphere"
474.2,0.120016443192768,10.9654314875963,"q50","Southern","good","Southern"
481.975,0.595703568311918,11.20523630472,"q50","Southern","good","Southern"
0.00585,-1.03479585352234,87.091629800852,"q60","Northern","good","Northern"
1.29585,-0.26102757609311,29.2153876892264,"q60","Northern","good","Northern"
3.09,-0.717641367008202,64.772866855969,"q60","Northern","good","Northern"
4.4665,-0.54527040286638,47.4567092988884,"q60","Northern","good","Northern"
6.2895,-1.66003437161442,104.284513909604,"q60","Northern","good","Northern"
9.438,-0.813155182409782,69.9540462742519,"q60","Northern","good","Northern"
12.725,-0.0333961153849877,13.8676810843818,"q60","Northern","good","Northern"
14.9,-0.597228468191172,37.949220658604,"q60","Northern","good","Northern"
18.215,-0.16837327895307,18.8302514127084,"q60","Northern","good","Northern"
21.745,-1.32845888612604,72.0538610586377,"q60","Northern","good","Northern"
25.17,-0.116991833675533,32.8920572206476,"q60","Northern","good","Northern"
30.6,0.244143365499646,12.5080064286037,"q60","Northern","good","Northern"
35.805,0.139778404900177,12.0166440776159,"q60","Northern","good","Northern"
39.37,-0.0627007460839119,23.1149159288321,"q60","Northern","good","Northern"
44.55,-0.0121340833584334,11.7239191967932,"q60","Northern","good","Northern"
52.035,0.353792282596984,16.0536181254979,"q60","Northern","good","Northern"
57.62,-0.762817173514581,77.3340404617389,"q60","Northern","bad","Bad hemisphere"
60.45,0.349830722674818,58.3039787772932,"q60","Northern","bad","Bad hemisphere"
63.83,1.01987496988697,-4.98980928948298,"q60","Northern","bad","Bad hemisphere"
69.1,0.459004967150913,1.93745752783114,"q60","Northern","good","Northern"
77.9,-0.16045402688995,19.8917065944598,"q60","Northern","good","Northern"
84.65,-0.366666734355704,33.4949645272471,"q60","Northern","good","Northern"
87.75,-0.51740267594966,31.2428792628043,"q60","Northern","good","Northern"
91.85,0.00682294363639318,20.2986352907875,"q60","Northern","good","Northern"
97.2,-0.215438169105561,25.6898318993995,"q60","Northern","good","Northern"
106.85,-0.436471296604594,34.1133488154752,"q60","Northern","good","Northern"
117.3,-0.265344350505382,29.6662248210285,"q60","Northern","good","Northern"
123.585,-0.485502192829123,60.1108736849349,"q60","Northern","good","Northern"
129.185,-0.945618208284889,73.7667842356321,"q60","Northern","bad","Bad hemisphere"
134.825,0.16840157031285,27.5116378082967,"q60","Northern","bad","Bad hemisphere"
140.075,0.118233397776548,28.6940770933317,"q60","Northern","good","Northern"
146.15,-0.0211543381154102,23.9674331132247,"q60","Northern","good","Northern"
152,-1.08542074369281,106.742324609185,"q60","Northern","bad","Bad hemisphere"
158.15,-0.373702368553706,30.9875460294587,"q60","Northern","good","Northern"
163.4,-1.37053376150981,75.9435625815092,"q60","Northern","good","Northern"
166.75,-0.457838156894585,49.0747602874449,"q60","Northern","good","Northern"
169.55,-0.504047664668945,37.2667132498629,"q60","Northern","good","Northern"
172.8,0.355175395555498,6.29403479731993,"q60","Northern","good","Northern"
179.45,-0.19221904779673,28.6718516626697,"q60","Northern","good","Northern"
188.55,0.00208607028756166,20.909066923917,"q60","Northern","good","Northern"
196.2,-0.251679201523246,33.2961786217275,"q60","Northern","good","Northern"
200.45,0.155591164276477,4.26503518050992,"q60","Northern","good","Northern"
203.55,0.157145914094103,14.7546672080739,"q60","Northern","good","Northern"
216.5,-0.0207819180291784,20.0985195347783,"q60","Northern","good","Northern"
232.15,-0.0972940744526397,10.6933972243427,"q60","Northern","good","Northern"
239.232,0.00985759884508525,21.4038689712295,"q60","Northern","good","Northern"
244.082,-0.112402147267459,23.4742787091085,"q60","Northern","good","Northern"
248.3,-0.0126598202021972,46.0138427637832,"q60","Northern","good","Northern"
250.901,-0.0237754081510438,32.9079919484631,"q60","Northern","good","Northern"
253.021,-0.515676397082522,39.7187970628695,"q60","Northern","good","Northern"
256.825,-0.327400061853333,38.0763295283671,"q60","Northern","good","Northern"
261.895,-0.105293010645842,25.3469944593186,"q60","Northern","good","Northern"
265.59,-0.30720993226346,38.6742364269381,"q60","Northern","good","Northern"
270.65,-0.29204026775856,26.0355863882821,"q60","Northern","good","Northern"
278.85,-0.271649316485371,26.6253089672846,"q60","Northern","good","Northern"
286.7,-1.65884884827124,79.0577919662105,"q60","Northern","good","Northern"
291.81,0.0737843363088205,31.7768932749273,"q60","Northern","good","Northern"
296.21,-0.0692875468787602,20.2662975103949,"q60","Northern","good","Northern"
301.3,-0.630742631989117,40.8086104010549,"q60","Northern","good","Northern"
305.35,-0.279507017054898,13.4069178759257,"q60","Northern","bad","Bad hemisphere"
311.1,-0.0955684368666564,9.05100305271546,"q60","Northern","good","Northern"
319.3,-0.247498671680935,37.9331722737201,"q60","Northern","good","Northern"
326.85,-1.7311773636749,51.2920648115771,"q60","Northern","bad","Bad hemisphere"
338.5,0.0475218300476804,5.9454087973712,"q60","Northern","good","Northern"
365.505,-0.663850676469448,15.2345004646775,"q60","Northern","bad","Bad hemisphere"
377.23,-0.536459061260188,71.9106929480687,"q60","Northern","bad","Bad hemisphere"
385.13,0.470179603888788,2.21502737740615,"q60","Northern","bad","Bad hemisphere"
402.045,-0.0541175667871113,22.0404571720651,"q60","Northern","good","Northern"
416.32,-1.69899418364848,33.861715840821,"q60","Northern","bad","Bad hemisphere"
428.65,-0.673781855637225,40.1189903148799,"q60","Northern","good","Northern"
435.75,-0.305107319901483,19.5208631227033,"q60","Northern","good","Northern"
441.8,-1.06086744891815,70.7768182743781,"q60","Northern","good","Northern"
444.15,0.174942761396322,28.6290867033506,"q60","Northern","bad","Bad hemisphere"
449,-0.559105312374698,27.8565247110099,"q60","Northern","good","Northern"
455.5,0.708969972942219,9.85659039769758,"q60","Northern","bad","Bad hemisphere"
463.8,-0.380606373878046,15.6888480399816,"q60","Northern","good","Northern"
470.35,-2.50602948270614,105.912800542659,"q60","Northern","good","Northern"
474.2,-0.764381201584703,32.4239723479514,"q60","Northern","good","Northern"
481.975,-0.356793088359305,36.1880425089296,"q60","Northern","good","Northern"
0.00585,0.118681423106261,25.873899415543,"q60","Southern","good","Southern"
1.29585,-0.17449026126915,21.6054358432757,"q60","Southern","good","Southern"
3.09,-0.57574592528457,33.6215943293386,"q60","Southern","good","Southern"
4.4665,-0.240420808140764,24.6812741291268,"q60","Southern","good","Southern"
9.438,-0.889909649950449,53.0222066145982,"q60","Southern","good","Southern"
12.725,-0.181181951319837,17.6615407983722,"q60","Southern","good","Southern"
18.215,-0.0459555709305513,16.7204498566863,"q60","Southern","good","Southern"
25.17,0.63180278528566,-2.51592950001294,"q60","Southern","good","Southern"
30.6,0.14597113028422,4.56951800372322,"q60","Southern","bad","Bad hemisphere"
35.805,0.0522425100334199,7.61520720543816,"q60","Southern","bad","Bad hemisphere"
39.37,-1.00521991326182,73.0673634953121,"q60","Southern","bad","Bad hemisphere"
44.55,-0.39045570342319,25.7389892642155,"q60","Southern","good","Southern"
52.035,0.362946378460877,7.33510839686445,"q60","Southern","good","Southern"
57.62,0.635557085850152,4.19353716424234,"q60","Southern","bad","Bad hemisphere"
63.83,0.145827287931759,19.940086454807,"q60","Southern","good","Southern"
69.1,0.180556916799564,8.4176423780923,"q60","Southern","bad","Bad hemisphere"
77.9,0.190049898475171,2.42985005335417,"q60","Southern","good","Southern"
84.65,-0.232584693197734,51.4953693132982,"q60","Southern","bad","Bad hemisphere"
87.75,-0.888666102395656,66.633172968218,"q60","Southern","bad","Bad hemisphere"
91.85,-0.622434284620525,52.0332698897017,"q60","Southern","bad","Bad hemisphere"
97.2,-0.343034140876186,38.933697281582,"q60","Southern","good","Southern"
106.85,-0.0138755912110819,25.7297680905665,"q60","Southern","good","Southern"
117.3,0.0311746702679892,8.24016586792453,"q60","Southern","good","Southern"
123.585,-1.06993682188115,80.4759036174877,"q60","Southern","good","Southern"
129.185,-3.47800731914234,186.030633726832,"q60","Southern","bad","Bad hemisphere"
134.825,0.29651097342725,10.3548608383088,"q60","Southern","good","Southern"
146.15,-1.42201320086374,99.9986817791973,"q60","Southern","bad","Bad hemisphere"
152,-0.408714518132952,48.8550718596515,"q60","Southern","good","Southern"
158.15,-0.356778773326072,42.6643258787209,"q60","Southern","good","Southern"
163.4,-0.0692685128180983,46.6243962777248,"q60","Southern","good","Southern"
166.75,-0.572659422336129,56.6302122365912,"q60","Southern","good","Southern"
169.55,-0.55288912337048,43.2570852278438,"q60","Southern","good","Southern"
172.8,-3.39874604328224,123.74387361917,"q60","Southern","bad","Bad hemisphere"
179.45,-0.359296808808786,50.9905978280735,"q60","Southern","good","Southern"
188.55,-0.665474289147499,58.2213026107855,"q60","Southern","bad","Bad hemisphere"
196.2,-0.204295397564822,48.3351564801882,"q60","Southern","good","Southern"
200.45,0.0103975967947828,7.44792896662964,"q60","Southern","good","Southern"
203.55,-0.962549118230844,81.3846094527637,"q60","Southern","good","Southern"
216.5,-0.308076543902269,32.0765371226153,"q60","Southern","good","Southern"
232.15,0.28644464628299,-2.32083334277232,"q60","Southern","bad","Bad hemisphere"
239.232,-0.169733747791861,15.3000234761102,"q60","Southern","bad","Bad hemisphere"
244.082,-0.609356961333696,42.9917700141689,"q60","Southern","good","Southern"
248.3,0.132282599355962,24.7711584812748,"q60","Southern","good","Southern"
250.901,0.367524728445708,5.85794965183818,"q60","Southern","good","Southern"
253.021,0.424251462398808,21.304175260289,"q60","Southern","good","Southern"
256.825,-0.239649371622532,36.4069857674634,"q60","Southern","good","Southern"
261.895,0.0837994774201255,17.3563263917073,"q60","Southern","good","Southern"
265.59,-0.172509543066539,30.7811386052323,"q60","Southern","good","Southern"
270.65,-0.34890516082475,39.5887774366651,"q60","Southern","good","Southern"
278.85,-0.00563968715503296,18.2334014074254,"q60","Southern","good","Southern"
286.7,-0.267730756628425,38.5405848066706,"q60","Southern","good","Southern"
291.81,-0.492144820586911,64.3983292226212,"q60","Southern","good","Southern"
296.21,-0.85311547318073,67.8216793347552,"q60","Southern","good","Southern"
301.3,-1.00715735281459,36.8426238810407,"q60","Southern","good","Southern"
311.1,-0.208605938934206,21.9053278367244,"q60","Southern","good","Southern"
319.3,-0.535592929564353,53.2952403127542,"q60","Southern","good","Southern"
326.85,-0.63049726246269,48.5136523656527,"q60","Southern","good","Southern"
338.5,0.0926853727025817,27.1255705956436,"q60","Southern","good","Southern"
352.78,-0.10967812554358,27.5492712765248,"q60","Southern","good","Southern"
365.505,0.181832872326448,11.806263668368,"q60","Southern","good","Southern"
377.23,0.554405462176509,31.0847711617301,"q60","Southern","good","Southern"
385.13,-0.0512272064686743,14.3422304205112,"q60","Southern","good","Southern"
390.71,-0.0828496251250526,30.240107740289,"q60","Southern","good","Southern"
402.045,-0.204042239776779,39.7374198871325,"q60","Southern","good","Southern"
411.82,0.134383678590658,10.1179527285017,"q60","Southern","good","Southern"
416.32,0.291431060037186,27.1354132315177,"q60","Southern","good","Southern"
421.16,0.054652185171307,26.1610847048139,"q60","Southern","good","Southern"
423.85,0.657409711266307,29.9019059623879,"q60","Southern","good","Southern"
425.85,2.1709711122794,-15.1991446730734,"q60","Southern","good","Southern"
428.65,1.54234657615121,-4.22207998978963,"q60","Southern","good","Southern"
431.75,0.195447462728485,31.7739441087933,"q60","Southern","good","Southern"
435.75,-0.316512138860057,33.5074833977243,"q60","Southern","good","Southern"
439.55,1.21756754509208,5.92403793761745,"q60","Southern","good","Southern"
441.8,0.730704921277908,29.7236372142868,"q60","Southern","good","Southern"
444.15,0.923276008321435,19.1960629845301,"q60","Southern","good","Southern"
449,0.176392451841503,13.701040547213,"q60","Southern","good","Southern"
455.5,-0.0509720137374644,37.4980046838659,"q60","Southern","good","Southern"
463.8,0.173845559251218,15.8120523871464,"q60","Southern","good","Southern"
470.35,-1.24859250554685,54.4946017153635,"q60","Southern","bad","Bad hemisphere"
474.2,0.147283172422445,12.7163343746976,"q60","Southern","good","Southern"
481.975,0.488605785700509,19.3123399974472,"q60","Southern","good","Southern"
0.00585,-1.08488532017977,92.8493201267756,"q75","Northern","good","Northern"
1.29585,-0.392150239697886,43.1814351383253,"q75","Northern","good","Northern"
3.09,-0.964115029481087,80.1196423429003,"q75","Northern","good","Northern"
4.4665,-0.442105688811629,54.6981475885463,"q75","Northern","good","Northern"
6.2895,-1.87381309078104,116.00494652514,"q75","Northern","good","Northern"
9.438,-0.679596066463685,71.3555474478788,"q75","Northern","good","Northern"
12.725,-0.088995316892277,20.8218992077642,"q75","Northern","good","Northern"
14.9,-0.178574317714232,37.7738883062175,"q75","Northern","good","Northern"
18.215,-0.143623520874011,23.399336906955,"q75","Northern","good","Northern"
21.745,-1.30880686896792,76.7599209953064,"q75","Northern","good","Northern"
25.17,-0.0828581302236333,39.7782320278616,"q75","Northern","good","Northern"
30.6,0.264960413571696,20.6031490933924,"q75","Northern","good","Northern"
35.805,0.243386631347017,15.9261721748998,"q75","Northern","good","Northern"
39.37,0.0136113094673783,27.6458088315931,"q75","Northern","good","Northern"
44.55,0.066970619857471,12.6353765836272,"q75","Northern","good","Northern"
52.035,0.492719054691406,18.9982128927823,"q75","Northern","good","Northern"
57.62,-0.879200754938787,88.0399528761828,"q75","Northern","bad","Bad hemisphere"
60.45,0.343528806877589,58.7256890420608,"q75","Northern","bad","Bad hemisphere"
63.83,0.821885481512666,11.0589862821899,"q75","Northern","bad","Bad hemisphere"
69.1,0.632778516234803,4.12957925934148,"q75","Northern","good","Northern"
77.9,-0.0385414083923242,21.9680892505732,"q75","Northern","good","Northern"
84.65,-0.231907606636994,32.2537935039525,"q75","Northern","good","Northern"
87.75,-0.538867205424091,34.5005187900731,"q75","Northern","good","Northern"
91.85,0.0877337266275542,26.4330546043605,"q75","Northern","good","Northern"
97.2,-0.41413832264592,43.3685975878493,"q75","Northern","good","Northern"
106.85,-0.454879344557903,44.3073649272961,"q75","Northern","good","Northern"
117.3,-0.192292089901581,35.8544065233119,"q75","Northern","good","Northern"
123.585,-0.470207882751945,60.5152728100099,"q75","Northern","good","Northern"
129.185,-1.23161435808759,93.8640460300867,"q75","Northern","bad","Bad hemisphere"
134.825,-0.1227142437156,51.4930140764798,"q75","Northern","bad","Bad hemisphere"
140.075,0.476330605281911,20.0292590129421,"q75","Northern","good","Northern"
146.15,0.0359960836054468,28.3915328247144,"q75","Northern","good","Northern"
152,-1.41109830711702,134.500653886299,"q75","Northern","bad","Bad hemisphere"
158.15,-0.345292816417073,39.3977856359428,"q75","Northern","good","Northern"
163.4,-1.1292154812494,75.9070694763691,"q75","Northern","good","Northern"
166.75,-0.435937936534464,52.5642760808493,"q75","Northern","good","Northern"
169.55,-0.563628879257528,42.9773813545626,"q75","Northern","good","Northern"
172.8,0.388915890843324,8.87741268650052,"q75","Northern","good","Northern"
179.45,-0.0737369935054645,34.3285941838027,"q75","Northern","good","Northern"
188.55,0.0667508654848353,27.4867533975786,"q75","Northern","good","Northern"
196.2,-0.257088014499584,35.4790019082468,"q75","Northern","good","Northern"
200.45,0.162164843137223,5.79865609388001,"q75","Northern","good","Northern"
203.55,0.154011414379657,17.2118804049723,"q75","Northern","good","Northern"
216.5,-0.00504662417172232,25.6124086215613,"q75","Northern","good","Northern"
232.15,-0.198555100781816,18.5887297157197,"q75","Northern","good","Northern"
239.232,-0.0597618601144693,27.0876660086315,"q75","Northern","good","Northern"
244.082,-0.285685530706375,34.5610009997729,"q75","Northern","good","Northern"
248.3,-0.134418156488556,59.1630586380424,"q75","Northern","good","Northern"
250.901,-0.0771760407173863,42.9998000074357,"q75","Northern","good","Northern"
253.021,-0.612408822209391,47.0546467236381,"q75","Northern","good","Northern"
256.825,-0.7026007451561,60.4964534158859,"q75","Northern","good","Northern"
261.895,-0.27188880631073,36.1362301233248,"q75","Northern","good","Northern"
265.59,-0.617596284583951,56.6005528655649,"q75","Northern","good","Northern"
270.65,-0.665395743421948,48.2437044631163,"q75","Northern","good","Northern"
278.85,-0.431236796297412,37.8372140907627,"q75","Northern","good","Northern"
286.7,-1.53710674117094,82.2869083145887,"q75","Northern","good","Northern"
291.81,0.0608463406920509,36.732250898576,"q75","Northern","good","Northern"
296.21,-0.0655250068901198,24.1146296557258,"q75","Northern","good","Northern"
301.3,-0.678208286873482,43.7332461687685,"q75","Northern","good","Northern"
305.35,-0.279507017054898,13.4069178759257,"q75","Northern","bad","Bad hemisphere"
311.1,-0.0861153354997376,9.30681889825228,"q75","Northern","good","Northern"
319.3,-0.311412932354085,41.6109353660366,"q75","Northern","good","Northern"
326.85,-1.86951756988655,54.7139942436359,"q75","Northern","bad","Bad hemisphere"
338.5,0.0309721858557013,6.29937566201554,"q75","Northern","good","Northern"
365.505,-1.22006512271337,23.3177672391455,"q75","Northern","bad","Bad hemisphere"
377.23,-0.536459061260188,71.9106929480687,"q75","Northern","bad","Bad hemisphere"
385.13,0.555659364015546,1.80497805207026,"q75","Northern","bad","Bad hemisphere"
402.045,-0.198352645413965,26.3819739498182,"q75","Northern","good","Northern"
416.32,-1.86296991922146,37.0197023305708,"q75","Northern","bad","Bad hemisphere"
428.65,-0.957914548690649,48.3071004367635,"q75","Northern","good","Northern"
435.75,-0.592004630390605,29.104810456819,"q75","Northern","good","Northern"
441.8,-1.17887903309728,74.4128441616606,"q75","Northern","good","Northern"
444.15,0.0677800135411354,30.7431260716882,"q75","Northern","bad","Bad hemisphere"
449,-0.930513918310792,41.0819337799877,"q75","Northern","good","Northern"
455.5,0.652410807741346,12.1824837115218,"q75","Northern","bad","Bad hemisphere"
463.8,-0.703440887712271,24.1713497436538,"q75","Northern","good","Northern"
470.35,-2.50602948270614,105.912800542659,"q75","Northern","good","Northern"
474.2,-1.1133105262979,44.7008463068931,"q75","Northern","good","Northern"
481.975,-0.180008301152623,42.1966224907517,"q75","Northern","good","Northern"
0.00585,0.135262909466609,29.4151804850997,"q75","Southern","good","Southern"
1.29585,-0.184253364952445,22.6529353218429,"q75","Southern","good","Southern"
3.09,-0.573412698291214,35.6566118339819,"q75","Southern","good","Southern"
4.4665,-0.251007890774863,25.4754594099883,"q75","Southern","good","Southern"
9.438,-0.716424321126384,59.7763226434723,"q75","Southern","good","Southern"
12.725,-0.366908662014413,27.9796009144303,"q75","Southern","good","Southern"
18.215,-0.123476510727255,21.6794392475583,"q75","Southern","good","Southern"
25.17,0.884250519552062,-4.8042090997849,"q75","Southern","good","Southern"
30.6,0.197822614758894,3.8159788166501,"q75","Southern","bad","Bad hemisphere"
35.805,0.0691451534864756,11.2876254105294,"q75","Southern","bad","Bad hemisphere"
39.37,-0.97061870558215,75.7206109396235,"q75","Southern","bad","Bad hemisphere"
44.55,-0.444820871461269,29.6914056219414,"q75","Southern","good","Southern"
52.035,0.403149637356924,7.64381987849987,"q75","Southern","good","Southern"
57.62,0.678769257458335,3.98624690292249,"q75","Southern","bad","Bad hemisphere"
63.83,0.213087210091633,21.3437857298017,"q75","Southern","good","Southern"
69.1,0.131229576456999,12.5304634618841,"q75","Southern","bad","Bad hemisphere"
77.9,0.153892722114731,4.95390792173738,"q75","Southern","good","Southern"
84.65,-0.143360616731404,50.1987075353577,"q75","Southern","bad","Bad hemisphere"
87.75,-0.874440420062812,66.5009877412394,"q75","Southern","bad","Bad hemisphere"
91.85,-0.855410999951355,69.9415143289851,"q75","Southern","bad","Bad hemisphere"
97.2,-0.346160876090147,39.1563768194313,"q75","Southern","good","Southern"
106.85,0.0881673101225435,25.1245483381954,"q75","Southern","good","Southern"
117.3,0.0603936065174125,7.90941044629642,"q75","Southern","good","Southern"
123.585,-1.06993682188115,80.4759036174877,"q75","Southern","good","Southern"
129.185,-2.63050672950546,165.067189397939,"q75","Southern","bad","Bad hemisphere"
134.825,0.308109322014726,10.6792656947194,"q75","Southern","good","Southern"
146.15,-1.29913318593918,95.9641935865035,"q75","Southern","bad","Bad hemisphere"
152,-0.448267051394152,52.0523163350055,"q75","Southern","good","Southern"
158.15,-0.444644400968224,49.6245832246261,"q75","Southern","good","Southern"
163.4,-0.0825413367121705,55.0898727048903,"q75","Southern","good","Southern"
166.75,-0.507638927373018,64.9620463257015,"q75","Southern","good","Southern"
169.55,-0.450885572214155,43.6861967025332,"q75","Southern","good","Southern"
172.8,-3.39874604328224,123.74387361917,"q75","Southern","bad","Bad hemisphere"
179.45,-0.353029446277772,51.4279298361143,"q75","Southern","good","Southern"
188.55,-0.678220388018444,61.0628316400599,"q75","Southern","bad","Bad hemisphere"
196.2,-0.141940639277867,49.6507039960215,"q75","Southern","good","Southern"
200.45,0.0366384214633974,6.96005488272953,"q75","Southern","good","Southern"
203.55,-0.94242066151456,81.091406842917,"q75","Southern","good","Southern"
216.5,-0.481988051487309,44.5379348514795,"q75","Southern","good","Southern"
232.15,0.286777152729338,-2.28088079873295,"q75","Southern","bad","Bad hemisphere"
239.232,-0.169155878225847,15.2916255031801,"q75","Southern","bad","Bad hemisphere"
244.082,-0.598173321398205,42.9072957773582,"q75","Southern","good","Southern"
248.3,0.139833806144907,24.9823651143243,"q75","Southern","good","Southern"
250.901,0.49984498583615,5.09578883387403,"q75","Southern","good","Southern"
253.021,0.533788047545156,19.9792902391815,"q75","Southern","good","Southern"
256.825,-0.151541082432655,40.6910879536552,"q75","Southern","good","Southern"
261.895,-0.0590925696602477,28.4316726858591,"q75","Southern","good","Southern"
265.59,-0.16517067401195,34.3795714053065,"q75","Southern","good","Southern"
270.65,-0.331617932442199,43.1826387974672,"q75","Southern","good","Southern"
278.85,-0.00582311003257188,23.3651019381491,"q75","Southern","good","Southern"
286.7,-0.183126579175208,38.3116518720524,"q75","Southern","good","Southern"
291.81,-0.402645279830283,70.9707319614985,"q75","Southern","good","Southern"
296.21,-0.852720624131808,70.7146413139609,"q75","Southern","good","Southern"
301.3,-1.80410376809401,61.9802187151215,"q75","Southern","good","Southern"
311.1,-0.236966531244561,24.676878305032,"q75","Southern","good","Southern"
319.3,-0.582338138204233,56.9928091984291,"q75","Southern","good","Southern"
326.85,-1.13057003464551,75.4035172396666,"q75","Southern","good","Southern"
338.5,-0.242126917920213,41.0512867383357,"q75","Southern","good","Southern"
352.78,-0.168728177777955,37.6401685544901,"q75","Southern","good","Southern"
365.505,-0.0812802811875002,23.9570198484651,"q75","Southern","good","Southern"
377.23,0.728687087820111,36.7700146124715,"q75","Southern","good","Southern"
385.13,-0.0758407029469511,18.06740456939,"q75","Southern","good","Southern"
390.71,-0.127916781844782,37.4497968180522,"q75","Southern","good","Southern"
402.045,-0.289132874495823,54.4549132318526,"q75","Southern","good","Southern"
411.82,0.215761534905123,12.3200654064943,"q75","Southern","good","Southern"
416.32,0.315890650023819,33.2209721836053,"q75","Southern","good","Southern"
421.16,0.161956608921628,29.0381334904039,"q75","Southern","good","Southern"
423.85,0.773408347032095,32.9908409063087,"q75","Southern","good","Southern"
425.85,2.16381941721178,-14.8105371793611,"q75","Southern","good","Southern"
428.65,1.45024740747669,2.17747797629045,"q75","Southern","good","Southern"
431.75,0.185710960758589,38.9997682874136,"q75","Southern","good","Southern"
435.75,-0.200735571583713,39.4753929426669,"q75","Southern","good","Southern"
439.55,1.21554896946257,7.09781278274227,"q75","Southern","good","Southern"
441.8,0.989226054800353,28.5725016986302,"q75","Southern","good","Southern"
444.15,0.807400001965996,28.3174859736425,"q75","Southern","good","Southern"
449,0.313826346280787,20.0565091332047,"q75","Southern","good","Southern"
455.5,0.13153915733596,37.9099874533522,"q75","Southern","good","Southern"
463.8,0.19377008115694,20.905992989086,"q75","Southern","good","Southern"
470.35,-2.07536144668165,68.2580364542051,"q75","Southern","bad","Bad hemisphere"
474.2,0.465411758242518,9.99843336716417,"q75","Southern","good","Southern"
481.975,0.306943261501053,37.3946025060121,"q75","Southern","good","Southern"
0.00585,-1.14266958108499,98.8533416852748,"q90","Northern","good","Northern"
1.29585,-0.542513115903157,62.4312868957262,"q90","Northern","good","Northern"
3.09,-1.25803704457247,99.5869902980149,"q90","Northern","good","Northern"
4.4665,-0.596232816690098,68.472547376072,"q90","Northern","good","Northern"
6.2895,-2.05522075781124,129.071342673411,"q90","Northern","good","Northern"
9.438,-0.541042139779355,72.6172978763202,"q90","Northern","good","Northern"
12.725,-0.160984260633903,28.8237125811129,"q90","Northern","good","Northern"
14.9,0.751782346381105,27.7319238122637,"q90","Northern","good","Northern"
18.215,-0.0244538890366041,30.3205481463654,"q90","Northern","good","Northern"
21.745,-1.28915485180979,81.4659809319751,"q90","Northern","good","Northern"
25.17,-0.0398722686502199,50.6353188415695,"q90","Northern","good","Northern"
30.6,0.151142236011765,36.2627770151482,"q90","Northern","good","Northern"
35.805,0.849994983807934,12.7337389642007,"q90","Northern","good","Northern"
39.37,0.24959648397274,31.2591912713775,"q90","Northern","good","Northern"
44.55,0.243335073579591,14.4427576648895,"q90","Northern","good","Northern"
52.035,0.876480081057682,18.2796030962786,"q90","Northern","good","Northern"
57.62,-1.1526047283816,109.253322581821,"q90","Northern","bad","Bad hemisphere"
60.45,0.337226891080361,59.1473993068284,"q90","Northern","bad","Bad hemisphere"
63.83,-1.52208521012426,132.532332944525,"q90","Northern","bad","Bad hemisphere"
69.1,0.829641324872022,3.92795195663274,"q90","Northern","good","Northern"
77.9,0.0257915234264065,25.6669635844056,"q90","Northern","good","Northern"
84.65,0.205895735662582,25.2130482955547,"q90","Northern","good","Northern"
87.75,-0.343858157106606,35.2298211819727,"q90","Northern","good","Northern"
91.85,0.126771693047317,30.4422910240718,"q90","Northern","good","Northern"
97.2,-0.830903985523449,74.8403659835245,"q90","Northern","good","Northern"
106.85,-0.535726021216892,54.1386109014122,"q90","Northern","good","Northern"
117.3,-0.122826014782989,37.8516053550735,"q90","Northern","good","Northern"
123.585,-0.494309961746646,64.0274868961601,"q90","Northern","good","Northern"
129.185,-1.73378870606659,128.75756645275,"q90","Northern","bad","Bad hemisphere"
134.825,-0.709079060716511,95.6840292489652,"q90","Northern","bad","Bad hemisphere"
140.075,1.25395168790025,-0.930428809292053,"q90","Northern","good","Northern"
146.15,0.410251914507035,30.0558656397303,"q90","Northern","good","Northern"
152,-1.68511295006026,158.801814807676,"q90","Northern","bad","Bad hemisphere"
158.15,-0.310199965487016,45.0839447238426,"q90","Northern","good","Northern"
163.4,-0.954450698342185,76.9080261303761,"q90","Northern","good","Northern"
166.75,0.188701792253989,50.983899047503,"q90","Northern","good","Northern"
169.55,-0.645551331672428,58.2355010701474,"q90","Northern","good","Northern"
172.8,0.425465206738933,11.024537296558,"q90","Northern","good","Northern"
179.45,0.0333961544944996,40.9868038601116,"q90","Northern","good","Northern"
188.55,0.0593551923682455,39.2668679573462,"q90","Northern","good","Northern"
196.2,-0.206096507233912,39.5111807690272,"q90","Northern","good","Northern"
200.45,0.144533528634225,11.0916868096508,"q90","Northern","good","Northern"
203.55,0.0899916963443715,27.1774950995709,"q90","Northern","good","Northern"
216.5,0.0420024398669324,35.2855422173704,"q90","Northern","good","Northern"
232.15,-0.472177960607993,37.7777162936332,"q90","Northern","good","Northern"
239.232,-0.336765618440316,42.8459440224112,"q90","Northern","good","Northern"
244.082,-0.542039352064235,50.8934346522967,"q90","Northern","good","Northern"
248.3,-0.174252398779445,69.1898312694974,"q90","Northern","good","Northern"
250.901,-0.360002923982862,61.1275826951015,"q90","Northern","good","Northern"
253.021,-0.705957582235886,54.3696214208261,"q90","Northern","good","Northern"
256.825,-0.866652856391797,71.4687451239732,"q90","Northern","good","Northern"
261.895,-0.406308358411057,45.2395962489998,"q90","Northern","good","Northern"
265.59,-0.750869002382387,65.7286047104929,"q90","Northern","good","Northern"
270.65,-0.953473916776754,67.0062084543053,"q90","Northern","good","Northern"
278.85,-0.591817877626433,49.5146090344043,"q90","Northern","good","Northern"
286.7,-1.02123192368983,81.0798903708887,"q90","Northern","good","Northern"
291.81,0.03675127398338,42.106624370683,"q90","Northern","good","Northern"
296.21,-0.156595333143191,36.2224709343909,"q90","Northern","good","Northern"
301.3,-0.725673941757846,46.657881936482,"q90","Northern","good","Northern"
305.35,-0.279507017054898,13.4069178759257,"q90","Northern","bad","Bad hemisphere"
311.1,-0.0766622341328188,9.5626347437891,"q90","Northern","good","Northern"
319.3,-0.4769960395031,51.1389410688321,"q90","Northern","good","Northern"
326.85,-2.00839680345808,58.149256846419,"q90","Northern","bad","Bad hemisphere"
338.5,0.014422541663722,6.65334252665989,"q90","Northern","good","Northern"
365.505,-1.7762795689573,31.4010340136136,"q90","Northern","bad","Bad hemisphere"
377.23,-0.536459061260188,71.9106929480687,"q90","Northern","bad","Bad hemisphere"
385.13,0.641139124142303,1.39492872673437,"q90","Northern","bad","Bad hemisphere"
402.045,-0.489798469087142,34.9657965974459,"q90","Northern","good","Northern"
416.32,-3.04776618418864,55.0129106015405,"q90","Northern","bad","Bad hemisphere"
428.65,-1.32641682443937,58.9265655239011,"q90","Northern","good","Northern"
435.75,-1.50107159695662,57.5898911760192,"q90","Northern","good","Northern"
441.8,-1.18367847779024,74.5607186713503,"q90","Northern","good","Northern"
444.15,-0.428682843752555,38.5147255073188,"q90","Northern","bad","Bad hemisphere"
449,-1.00509528513513,45.7474618791562,"q90","Northern","good","Northern"
455.5,1.90143714139974,9.13691215842815,"q90","Northern","bad","Bad hemisphere"
463.8,-1.2102379330662,36.6327582575762,"q90","Northern","good","Northern"
470.35,-2.50602948270614,105.912800542659,"q90","Northern","good","Northern"
474.2,-1.38037189529986,57.2554917723858,"q90","Northern","good","Northern"
481.975,-0.290292921751769,56.8237991242527,"q90","Northern","good","Northern"
0.00585,0.151844395826957,32.9564615546564,"q90","Southern","good","Southern"
1.29585,-0.232800600338764,27.1090130406406,"q90","Southern","good","Southern"
3.09,-0.596219680912522,37.5701571680934,"q90","Southern","good","Southern"
4.4665,-0.261594973408962,26.2696446908498,"q90","Southern","good","Southern"
9.438,-0.542938992302319,66.5304386723464,"q90","Southern","good","Southern"
12.725,-0.610556329191182,39.0369703582081,"q90","Southern","good","Southern"
18.215,-0.195728747176744,27.3722895716219,"q90","Southern","good","Southern"
25.17,1.13669825381846,-7.09248869955687,"q90","Southern","good","Southern"
30.6,0.278225357291931,2.64751434816631,"q90","Southern","bad","Bad hemisphere"
35.805,0.112082569276054,18.0882698492879,"q90","Southern","bad","Bad hemisphere"
39.37,-0.936017497902482,78.3738583839349,"q90","Southern","bad","Bad hemisphere"
44.55,-0.499186039499348,33.6438219796672,"q90","Southern","good","Southern"
52.035,0.443352896252971,7.95253136013529,"q90","Southern","good","Southern"
57.62,0.721981429066518,3.77895664160263,"q90","Southern","bad","Bad hemisphere"
63.83,0.280347132251508,22.7474850047964,"q90","Southern","good","Southern"
69.1,0.0391352446036817,19.5051570132903,"q90","Southern","bad","Bad hemisphere"
77.9,0.124485262646752,7.34532750575801,"q90","Southern","good","Southern"
84.65,-0.0541365402650739,48.9020457574171,"q90","Southern","bad","Bad hemisphere"
87.75,-0.860214737729967,66.3688025142608,"q90","Southern","bad","Bad hemisphere"
91.85,-1.15618674498237,93.7367024194203,"q90","Southern","bad","Bad hemisphere"
97.2,-0.349287611304108,39.3790563572806,"q90","Southern","good","Southern"
106.85,0.0440986774995444,32.0226007925555,"q90","Southern","good","Southern"
117.3,0.0896125427668357,7.57865502466831,"q90","Southern","good","Southern"
123.585,-1.06993682188115,80.4759036174877,"q90","Southern","good","Southern"
129.185,-1.78300613986858,144.103745069045,"q90","Southern","bad","Bad hemisphere"
134.825,0.355406018525802,12.0021504075431,"q90","Southern","good","Southern"
146.15,-1.17625317101462,91.9297053938096,"q90","Southern","bad","Bad hemisphere"
152,-0.487819584655352,55.2495608103596,"q90","Southern","good","Southern"
158.15,-0.474188378726181,51.9644351392178,"q90","Southern","good","Southern"
163.4,-0.110386754523319,65.9044835827586,"q90","Southern","good","Southern"
166.75,-0.437728925314706,72.4126192925952,"q90","Southern","good","Southern"
169.55,-0.36552449441043,45.730913919682,"q90","Southern","good","Southern"
172.8,-3.39874604328224,123.74387361917,"q90","Southern","bad","Bad hemisphere"
179.45,-0.346649257517342,51.8880268694255,"q90","Southern","good","Southern"
188.55,-0.704957646898299,65.2186048799856,"q90","Southern","bad","Bad hemisphere"
196.2,-0.0207676772955021,51.1797442428724,"q90","Southern","good","Southern"
200.45,0.062879246132012,6.47218079882942,"q90","Southern","good","Southern"
203.55,-0.922292204798275,80.7982042330703,"q90","Southern","good","Southern"
216.5,-0.64524975130472,56.7789760749287,"q90","Southern","good","Southern"
232.15,0.287109659175687,-2.24092825469359,"q90","Southern","bad","Bad hemisphere"
239.232,-0.11510258551053,14.5060882198411,"q90","Southern","bad","Bad hemisphere"
244.082,-0.586989681462713,42.8228215405475,"q90","Southern","good","Southern"
248.3,0.147385012933852,25.1935717473738,"q90","Southern","good","Southern"
250.901,0.632165243226592,4.33362801590985,"q90","Southern","good","Southern"
253.021,0.631192278048452,18.5520417458593,"q90","Southern","good","Southern"
256.825,-0.14782173988718,44.4535592525051,"q90","Southern","good","Southern"
261.895,-0.265587870265993,42.78345968711,"q90","Southern","good","Southern"
265.59,-0.389304355279572,50.4143087094445,"q90","Southern","good","Southern"
270.65,-0.313428708337858,46.4884030195175,"q90","Southern","good","Southern"
278.85,-0.213880892829289,36.4719108343132,"q90","Southern","good","Southern"
286.7,-0.443255009952037,56.0568591745862,"q90","Southern","good","Southern"
291.81,-0.291398171853566,81.6457764136325,"q90","Southern","good","Southern"
296.21,-1.20303170884007,89.8857333509915,"q90","Southern","good","Southern"
301.3,-2.83636306923031,94.5401444242767,"q90","Southern","good","Southern"
311.1,-0.723756310566613,45.6550504073869,"q90","Southern","good","Southern"
319.3,-0.48251319105884,58.31713638702,"q90","Southern","good","Southern"
326.85,-1.48036652755512,95.1973860028353,"q90","Southern","good","Southern"
338.5,-0.771787354680318,62.4097157912274,"q90","Southern","good","Southern"
352.78,-0.381907157743838,53.0701336676388,"q90","Southern","good","Southern"
365.505,-0.619585519595437,46.6666843767225,"q90","Southern","good","Southern"
377.23,0.683013518947111,48.4090173066423,"q90","Southern","good","Southern"
385.13,-0.244688537275368,35.6730178359384,"q90","Southern","good","Southern"
390.71,-0.132424787004925,44.5911668391279,"q90","Southern","good","Southern"
402.045,-0.257315583104266,70.5295117631024,"q90","Southern","good","Southern"
411.82,0.363054083807359,14.501377387956,"q90","Southern","good","Southern"
416.32,0.107626025675732,50.9545840736813,"q90","Southern","good","Southern"
421.16,0.154697697407351,38.2949530329582,"q90","Southern","good","Southern"
423.85,0.844845494265489,38.5011498337309,"q90","Southern","good","Southern"
425.85,2.15666772214416,-14.4219296856488,"q90","Southern","good","Southern"
428.65,0.782278778424008,31.357331241311,"q90","Southern","good","Southern"
431.75,0.175974458788692,46.225592466034,"q90","Southern","good","Southern"
435.75,-0.0881969127905726,46.5432359763908,"q90","Southern","good","Southern"
439.55,1.21473006062742,8.12089373806981,"q90","Southern","good","Southern"
441.8,1.61366847343176,24.9609337937158,"q90","Southern","good","Southern"
444.15,0.733717137738912,38.6869135103461,"q90","Southern","good","Southern"
449,0.404993460330901,31.1124362049833,"q90","Southern","good","Southern"
455.5,0.0705767259854592,52.8513169140509,"q90","Southern","good","Southern"
463.8,0.257847765775932,24.4681521032352,"q90","Southern","good","Southern"
470.35,-4.20500453588767,100.955677924885,"q90","Southern","bad","Bad hemisphere"
474.2,0.854429491521891,7.2820501591192,"q90","Southern","good","Southern"
481.975,0.0932306780272979,60.8855508283181,"q90","Southern","good","Southern"
0.00585,-1.16193100138673,100.854682204775,"q95","Northern","good","Northern"
1.29585,-0.563641280574942,67.8746315433049,"q95","Northern","good","Northern"
3.09,-1.36874571901458,108.053997385812,"q95","Northern","good","Northern"
4.4665,-0.684181904858624,74.7277448083614,"q95","Northern","good","Northern"
6.2895,-2.11029480479856,133.651135311624,"q95","Northern","good","Northern"
9.438,-0.492662870525614,73.8135249289263,"q95","Northern","good","Northern"
12.725,-0.0794918085295401,33.2717760908466,"q95","Northern","good","Northern"
14.9,1.09459175208534,24.4905781864836,"q95","Northern","good","Northern"
18.215,0.029852810469854,33.4279131697876,"q95","Northern","good","Northern"
21.745,-1.28260417942375,83.0346675775314,"q95","Northern","good","Northern"
25.17,0.00241223045233099,54.674505626815,"q95","Northern","good","Northern"
30.6,0.111823429217528,43.4077609527202,"q95","Northern","good","Northern"
35.805,1.08478934520517,12.1221204827984,"q95","Northern","good","Northern"
39.37,0.330568575279452,31.5346010266651,"q95","Northern","good","Northern"
44.55,0.312085170510145,15.3822686415121,"q95","Northern","good","Northern"
52.035,1.11145048897211,17.5341483470205,"q95","Northern","good","Northern"
57.62,-1.34223879773701,122.915808548146,"q95","Northern","bad","Bad hemisphere"
60.45,0.335126252481285,59.2879693950843,"q95","Northern","bad","Bad hemisphere"
63.83,-2.19915448854014,167.901800076221,"q95","Northern","bad","Bad hemisphere"
69.1,1.01158012670964,2.46057748566649,"q95","Northern","good","Northern"
77.9,0.0391123005552377,27.8007883670531,"q95","Northern","good","Northern"
84.65,0.637174596075092,21.5970249108288,"q95","Northern","good","Northern"
87.75,-0.106126724482002,31.1356244761611,"q95","Northern","good","Northern"
91.85,0.213339919567288,32.5690898761669,"q95","Northern","good","Northern"
97.2,-0.992796652789001,88.7029883677924,"q95","Northern","good","Northern"
106.85,-0.551780418680999,59.1642724279984,"q95","Northern","good","Northern"
117.3,-0.0973205279336132,38.9915253247728,"q95","Northern","good","Northern"
123.585,-0.502343988078213,65.1982249248769,"q95","Northern","good","Northern"
129.185,-1.8894071534373,139.600916679,"q95","Northern","bad","Bad hemisphere"
134.825,-1.00309776505514,116.835747271877,"q95","Northern","bad","Bad hemisphere"
140.075,1.38621484156084,-3.49164492436272,"q95","Northern","good","Northern"
146.15,0.597956224231451,30.2603684875873,"q95","Northern","good","Northern"
152,-1.77645116437467,166.902201781468,"q95","Northern","bad","Bad hemisphere"
158.15,-0.337156579121452,51.8087771096549,"q95","Northern","good","Northern"
163.4,-0.906960390153209,77.5928461521256,"q95","Northern","good","Northern"
166.75,0.463891063550449,50.2322639929146,"q95","Northern","good","Northern"
169.55,-0.679226354117022,65.0692802040558,"q95","Northern","good","Northern"
172.8,0.389944876754618,19.1493267384603,"q95","Northern","good","Northern"
179.45,0.0621111134433639,46.67137911693,"q95","Northern","good","Northern"
188.55,0.0681581961754807,45.4952339285973,"q95","Northern","good","Northern"
196.2,-0.187373561996419,40.9494996406847,"q95","Northern","good","Northern"
200.45,0.101127507974681,18.6848513982368,"q95","Northern","good","Northern"
203.55,0.0826099926675956,28.3314419766064,"q95","Northern","good","Northern"
216.5,0.077165893842697,40.818171072813,"q95","Northern","good","Northern"
232.15,-0.56725764631708,44.2541625503383,"q95","Northern","good","Northern"
239.232,-0.535755994894007,53.5929407423142,"q95","Northern","good","Northern"
244.082,-0.650378675289283,57.8319805983902,"q95","Northern","good","Northern"
248.3,-0.192152617477562,72.7701923700204,"q95","Northern","good","Northern"
250.901,-0.488770396751792,69.6530672528671,"q95","Northern","good","Northern"
253.021,-0.798083020783553,59.9879338940285,"q95","Northern","good","Northern"
256.825,-1.08189728946019,84.3484176330087,"q95","Northern","good","Northern"
261.895,-0.537610844996607,52.8445624480052,"q95","Northern","good","Northern"
265.59,-0.767534477365243,67.3413312236806,"q95","Northern","good","Northern"
270.65,-1.02687839131509,72.3526273077545,"q95","Northern","good","Northern"
278.85,-0.757986286594895,59.3090479735825,"q95","Northern","good","Northern"
286.7,-0.600801762937428,77.8039851674576,"q95","Northern","good","Northern"
291.81,0.0335234846904016,44.1931422028685,"q95","Northern","good","Northern"
296.21,-0.233843137688311,43.8644101269109,"q95","Northern","good","Northern"
301.3,-0.741495826719301,47.6327605257199,"q95","Northern","good","Northern"
305.35,-0.279507017054898,13.4069178759257,"q95","Northern","bad","Bad hemisphere"
311.1,-0.0735112003438459,9.64790669230137,"q95","Northern","good","Northern"
319.3,-0.60050892616833,58.2461364148886,"q95","Northern","good","Northern"
326.85,-2.22600629231986,63.5319603642389,"q95","Northern","bad","Bad hemisphere"
338.5,0.00890599359972875,6.77133148154134,"q95","Northern","good","Northern"
365.505,-1.96168438437194,34.0954562717697,"q95","Northern","bad","Bad hemisphere"
377.23,-0.536459061260188,71.9106929480687,"q95","Northern","bad","Bad hemisphere"
385.13,0.66963237751789,1.25824561828907,"q95","Northern","bad","Bad hemisphere"
402.045,-0.63797975668348,39.2977259384013,"q95","Northern","good","Northern"
416.32,-3.02931010469982,55.0030234372148,"q95","Northern","bad","Bad hemisphere"
428.65,-1.44925091635561,62.4663872196137,"q95","Northern","good","Northern"
435.75,-1.80409391914529,67.0849180824192,"q95","Northern","good","Northern"
441.8,-1.18527829268789,74.6100101745802,"q95","Northern","good","Northern"
444.15,-0.594170462850453,41.105258652529,"q95","Northern","bad","Bad hemisphere"
449,-1.21986413196949,51.4810683345269,"q95","Northern","good","Northern"
455.5,2.22347669064434,8.82879072685969,"q95","Northern","bad","Bad hemisphere"
463.8,-1.35703300358083,44.8099260453234,"q95","Northern","good","Northern"
470.35,-2.50602948270614,105.912800542659,"q95","Northern","good","Northern"
474.2,-1.47918793605211,61.8768080687812,"q95","Northern","good","Northern"
481.975,-0.497999030428669,65.3557188581832,"q95","Northern","good","Northern"
0.00585,0.157371557947073,34.136888577842,"q95","Southern","good","Southern"
1.29585,-0.248057292900365,28.7811552815044,"q95","Southern","good","Southern"
3.09,-0.603822008452958,38.2080056127972,"q95","Southern","good","Southern"
4.4665,-0.265124000953662,26.5343731178036,"q95","Southern","good","Southern"
9.438,-0.485110549360964,68.7818106819712,"q95","Southern","good","Southern"
12.725,-0.691772218250106,42.7227601728007,"q95","Southern","good","Southern"
18.215,-0.167349156731884,29.7125544149422,"q95","Southern","good","Southern"
25.17,1.22084749857393,-7.85524856614752,"q95","Southern","good","Southern"
30.6,0.305026271469611,2.25802619200505,"q95","Southern","bad","Bad hemisphere"
35.805,0.15540279237406,23.8405979082011,"q95","Southern","bad","Bad hemisphere"
39.37,-0.92448376200926,79.2582741987054,"q95","Southern","bad","Bad hemisphere"
44.55,-0.517307762178708,34.9612940989092,"q95","Southern","good","Southern"
52.035,0.456753982551653,8.0554351873471,"q95","Southern","good","Southern"
57.62,0.736385486269245,3.70985988782935,"q95","Southern","bad","Bad hemisphere"
63.83,0.302767106304799,23.2153847631279,"q95","Southern","good","Southern"
69.1,0.0084371339859094,21.8300548637591,"q95","Southern","bad","Bad hemisphere"
77.9,0.114682776157426,8.14246736709822,"q95","Southern","good","Southern"
84.65,-0.0243951814429638,48.4698251647702,"q95","Southern","bad","Bad hemisphere"
87.75,-0.855472843619019,66.3247407719346,"q95","Southern","bad","Bad hemisphere"
91.85,-1.25644532665938,101.668431782899,"q95","Southern","bad","Bad hemisphere"
97.2,-0.350329856375428,39.453282869897,"q95","Southern","good","Southern"
106.85,0.00505721096577388,35.5724969784641,"q95","Southern","good","Southern"
117.3,0.0993521881833102,7.46840321745893,"q95","Southern","good","Southern"
123.585,-1.06993682188115,80.4759036174877,"q95","Southern","good","Southern"
129.185,-1.50050594332296,137.115930292747,"q95","Southern","bad","Bad hemisphere"
134.825,0.371171584029493,12.4431119784843,"q95","Southern","good","Southern"
146.15,-1.13529316603976,90.584875996245,"q95","Southern","bad","Bad hemisphere"
152,-0.501003762409085,56.315308968811,"q95","Southern","good","Southern"
158.15,-0.484036371312167,52.744385777415,"q95","Southern","good","Southern"
163.4,-0.121653332869225,69.8670796596613,"q95","Southern","good","Southern"
166.75,-0.414425591295268,74.896143614893,"q95","Southern","good","Southern"
169.55,-0.337070801809188,46.4124863253982,"q95","Southern","good","Southern"
172.8,-3.39874604328224,123.74387361917,"q95","Southern","bad","Bad hemisphere"
179.45,-0.344522527930532,52.0413925471959,"q95","Southern","good","Southern"
188.55,-0.713870066524917,66.6038626266275,"q95","Southern","bad","Bad hemisphere"
196.2,0.019623310031953,51.6894243251559,"q95","Southern","good","Southern"
200.45,0.0716261876882168,6.30955610419606,"q95","Southern","good","Southern"
203.55,-0.91558271922618,80.7004700297881,"q95","Southern","good","Southern"
216.5,-0.699670317910524,60.8593231494118,"q95","Southern","good","Southern"
232.15,0.287220494657803,-2.2276107400138,"q95","Southern","bad","Bad hemisphere"
239.232,-0.0970848212720906,14.2442424587281,"q95","Southern","bad","Bad hemisphere"
244.082,-0.583261801484216,42.7946634616106,"q95","Southern","good","Southern"
248.3,0.149902081863501,25.2639739583902,"q95","Southern","good","Southern"
250.901,0.676271995690073,4.07957440992181,"q95","Southern","good","Southern"
253.021,0.663660354882884,18.0762922480853,"q95","Southern","good","Southern"
256.825,-0.0382595268644337,45.2475944990475,"q95","Southern","good","Southern"
261.895,-0.334419637134575,47.5673886875269,"q95","Southern","good","Southern"
265.59,-0.430401739484178,56.3159080008913,"q95","Southern","good","Southern"
270.65,-0.307147393515449,47.5853664493551,"q95","Southern","good","Southern"
278.85,-0.276181737382252,41.3057600146974,"q95","Southern","good","Southern"
286.7,-0.528244885787101,61.9381364968908,"q95","Southern","good","Southern"
291.81,-0.203685468312088,84.3070684343277,"q95","Southern","good","Southern"
296.21,-1.31980207040949,96.276097363335,"q95","Southern","good","Southern"
301.3,-3.04579835012663,101.146233785112,"q95","Southern","good","Southern"
311.1,-1.2071749541808,65.4025351002458,"q95","Southern","good","Southern"
319.3,-0.449238208677043,58.758578783217,"q95","Southern","good","Southern"
326.85,-1.56452518572908,99.6384626261059,"q95","Southern","good","Southern"
338.5,-1.01840979749609,72.0710888888674,"q95","Southern","good","Southern"
352.78,-0.589829559872014,64.2197543640505,"q95","Southern","good","Southern"
365.505,-0.999906869498989,67.7109947144576,"q95","Southern","good","Southern"
377.23,0.665005806237906,53.5445875638006,"q95","Southern","good","Southern"
385.13,-0.286907085009976,40.4617108299207,"q95","Southern","good","Southern"
390.71,-0.129756150359103,48.3744111215841,"q95","Southern","good","Southern"
402.045,-0.256201465018793,76.0350330065507,"q95","Southern","good","Southern"
411.82,0.412151600108104,15.2284813817765,"q95","Southern","good","Southern"
416.32,-0.000151945599122098,58.9830900593411,"q95","Southern","good","Southern"
421.16,0.140239290173443,42.1094167088875,"q95","Southern","good","Southern"
423.85,0.86865787667662,40.337919476205,"q95","Southern","good","Southern"
425.85,2.15428382378829,-14.2923938544114,"q95","Southern","good","Southern"
428.65,0.435764982179416,46.4759790238026,"q95","Southern","good","Southern"
431.75,0.172728958132059,48.6342005255741,"q95","Southern","good","Southern"
435.75,-0.0490525575890542,48.4911245927873,"q95","Southern","good","Southern"
439.55,1.21504307358093,8.38831362450686,"q95","Southern","good","Southern"
441.8,1.80016838473418,23.5777970786023,"q95","Southern","good","Southern"
444.15,0.657505345865452,46.8642049834297,"q95","Southern","good","Southern"
449,0.218113242003255,47.1238570995386,"q95","Southern","good","Southern"
455.5,0.0601018051698993,58.2695352569283,"q95","Southern","good","Southern"
463.8,0.418895758773201,25.8747909777904,"q95","Southern","good","Southern"
470.35,-5.13203125696821,115.010592870418,"q95","Southern","bad","Bad hemisphere"
474.2,1.001724070248,8.13359969338886,"q95","Southern","good","Southern"
481.975,0.0398213066682382,67.6089267818215,"q95","Southern","good","Southern"
439.55,NA,NA,"q50","Northern","bad","Bad hemisphere"
421.16,NA,NA,"q50","Northern","bad","Bad hemisphere"
352.78,NA,NA,"q50","Northern","bad","Bad hemisphere"
411.82,NA,NA,"q50","Northern","bad","Bad hemisphere"
431.75,NA,NA,"q50","Northern","bad","Bad hemisphere"
423.85,NA,NA,"q50","Northern","bad","Bad hemisphere"
390.71,NA,NA,"q50","Northern","bad","Bad hemisphere"
425.85,NA,NA,"q50","Northern","bad","Bad hemisphere"
140.075,NA,NA,"q50","Southern",NA,NA
21.745,NA,NA,"q50","Southern","bad","Bad hemisphere"
14.9,NA,NA,"q50","Southern",NA,NA
6.2895,NA,NA,"q50","Southern","bad","Bad hemisphere"
305.35,NA,NA,"q50","Southern","bad","Bad hemisphere"
60.45,NA,NA,"q50","Southern",NA,NA
439.55,NA,NA,"q60","Northern","bad","Bad hemisphere"
421.16,NA,NA,"q60","Northern","bad","Bad hemisphere"
352.78,NA,NA,"q60","Northern","bad","Bad hemisphere"
411.82,NA,NA,"q60","Northern","bad","Bad hemisphere"
431.75,NA,NA,"q60","Northern","bad","Bad hemisphere"
423.85,NA,NA,"q60","Northern","bad","Bad hemisphere"
390.71,NA,NA,"q60","Northern","bad","Bad hemisphere"
425.85,NA,NA,"q60","Northern","bad","Bad hemisphere"
140.075,NA,NA,"q60","Southern",NA,NA
21.745,NA,NA,"q60","Southern","bad","Bad hemisphere"
14.9,NA,NA,"q60","Southern",NA,NA
6.2895,NA,NA,"q60","Southern","bad","Bad hemisphere"
305.35,NA,NA,"q60","Southern","bad","Bad hemisphere"
60.45,NA,NA,"q60","Southern",NA,NA
439.55,NA,NA,"q75","Northern","bad","Bad hemisphere"
421.16,NA,NA,"q75","Northern","bad","Bad hemisphere"
352.78,NA,NA,"q75","Northern","bad","Bad hemisphere"
411.82,NA,NA,"q75","Northern","bad","Bad hemisphere"
431.75,NA,NA,"q75","Northern","bad","Bad hemisphere"
423.85,NA,NA,"q75","Northern","bad","Bad hemisphere"
390.71,NA,NA,"q75","Northern","bad","Bad hemisphere"
425.85,NA,NA,"q75","Northern","bad","Bad hemisphere"
140.075,NA,NA,"q75","Southern",NA,NA
21.745,NA,NA,"q75","Southern","bad","Bad hemisphere"
14.9,NA,NA,"q75","Southern",NA,NA
6.2895,NA,NA,"q75","Southern","bad","Bad hemisphere"
305.35,NA,NA,"q75","Southern","bad","Bad hemisphere"
60.45,NA,NA,"q75","Southern",NA,NA
439.55,NA,NA,"q90","Northern","bad","Bad hemisphere"
421.16,NA,NA,"q90","Northern","bad","Bad hemisphere"
352.78,NA,NA,"q90","Northern","bad","Bad hemisphere"
411.82,NA,NA,"q90","Northern","bad","Bad hemisphere"
431.75,NA,NA,"q90","Northern","bad","Bad hemisphere"
423.85,NA,NA,"q90","Northern","bad","Bad hemisphere"
390.71,NA,NA,"q90","Northern","bad","Bad hemisphere"
425.85,NA,NA,"q90","Northern","bad","Bad hemisphere"
140.075,NA,NA,"q90","Southern",NA,NA
21.745,NA,NA,"q90","Southern","bad","Bad hemisphere"
14.9,NA,NA,"q90","Southern",NA,NA
6.2895,NA,NA,"q90","Southern","bad","Bad hemisphere"
305.35,NA,NA,"q90","Southern","bad","Bad hemisphere"
60.45,NA,NA,"q90","Southern",NA,NA
439.55,NA,NA,"q95","Northern","bad","Bad hemisphere"
421.16,NA,NA,"q95","Northern","bad","Bad hemisphere"
352.78,NA,NA,"q95","Northern","bad","Bad hemisphere"
411.82,NA,NA,"q95","Northern","bad","Bad hemisphere"
431.75,NA,NA,"q95","Northern","bad","Bad hemisphere"
423.85,NA,NA,"q95","Northern","bad","Bad hemisphere"
390.71,NA,NA,"q95","Northern","bad","Bad hemisphere"
425.85,NA,NA,"q95","Northern","bad","Bad hemisphere"
140.075,NA,NA,"q95","Southern",NA,NA
21.745,NA,NA,"q95","Southern","bad","Bad hemisphere"
14.9,NA,NA,"q95","Southern",NA,NA
6.2895,NA,NA,"q95","Southern","bad","Bad hemisphere"
305.35,NA,NA,"q95","Southern","bad","Bad hemisphere"
60.45,NA,NA,"q95","Southern",NA,NA
