"bin_midpoint","stage","hemisphere","slope","intercept","slope_se","slope_lower_95","slope_upper_95","p_value","r_squared","n_cells_model","method","label","color","n_cells","n_valid_lat_bins","min_abs_lat","max_abs_lat","lat_range","sum_nT","mean_nT","median_nT","mean_t_over_nT","max_t_over_nT","prop_high_extrapolation","slope_direction"
0.00585,"Holocene","Northern",-0.568098476693741,54.9521412193628,0.314960049328845,-1.18542017337828,0.0492232199907944,0.0913939287471981,0.178234899013828,17,"grid_cell_all_cells_OLS","good","Northern",17,3,8.41731465221897,80.5813782293863,72.1640635771673,1250,73.5294117647059,34,0.836660427897728,1.62889949291955,0.176470588235294,"normal_LDG"
1.29585,"Pleistocene","Northern",-0.368788376823448,36.4622438280702,0.154082184650759,-0.670789458738936,-0.0667872949079609,0.0194561643556255,0.0776986587998037,70,"grid_cell_all_cells_OLS","good","Northern",70,3,2.42420109094807e-09,82.3265097697321,82.3265097673079,14821,211.728571428571,97.5,0.862791353499743,1.91408472236431,0.157142857142857,"normal_LDG"
3.09,"Piacenzian","Northern",-0.898468436447571,60.4281493115395,0.348720921997425,-1.58196144356252,-0.214975429332619,0.0172187054361228,0.231795010691079,24,"grid_cell_all_cells_OLS","good","Northern",24,3,9.64040353981471,64.6893968210741,55.0489932812594,6968,290.333333333333,152.5,0.835970737369676,1.94801983411601,0.125,"normal_LDG"
4.4665,"Zanclean","Northern",-0.413120891619191,39.8029624705054,0.236282285859083,-0.876234171902992,0.049992388664611,0.0882597343500464,0.0726865320580331,41,"grid_cell_all_cells_OLS","good","Northern",41,3,1.20452404594223,67.2811723040696,66.0766482581274,6893,168.121951219512,76,0.925512156163197,1.86052632178226,0.170731707317073,"normal_LDG"
6.2895,"Messinian","Northern",-0.152469338482974,57.8257801640027,1.13822567241019,-2.38339165640695,2.07845297944101,0.896747873676282,0.0022379237454986,10,"grid_cell_all_cells_OLS","good","Northern",10,3,9.64040353981471,42.9054110762945,33.2650075364798,4352,435.2,150,0.946434565883989,1.89818829863256,0.3,"normal_LDG"
9.438,"Tortonian","Northern",-0.583110271962032,42.571218636827,0.1428422946393,-0.863081169455059,-0.303139374469005,0.000228749972805996,0.31052893231798,39,"grid_cell_all_cells_OLS","good","Northern",39,3,8.42264879290965e-10,71.7122568191163,71.712256818274,10996,281.948717948718,89,0.863654585439061,1.98562215183103,0.153846153846154,"normal_LDG"
12.725,"Serravallian","Northern",0.198888833534539,7.7600759769576,0.198353342426172,-0.189883717620759,0.587661384689836,0.322518581860754,0.0264543059112121,39,"grid_cell_all_cells_OLS","good","Northern",39,3,8.41731465221897,62.3684846694886,53.9511700172696,8851,226.948717948718,81,0.957851054609357,1.86999332474669,0.0769230769230769,"reverse_LDG"
14.9,"Langhian","Northern",-0.0447833922226027,29.985665603852,0.616038991542203,-1.25221981564532,1.16265303120011,0.943008758496472,0.0003521870095292,17,"grid_cell_all_cells_OLS","good","Northern",17,3,10.8302606709666,52.5833589733677,41.7530983024011,2410,141.764705882353,79,0.9415213386142,1.68883841414557,0.176470588235294,"normal_LDG"
18.215,"Burdigalian","Northern",0.0189254479990342,13.3656070701355,0.181758510028377,-0.337321231656585,0.375172127654654,0.91757852892561,0.00026436511470035,43,"grid_cell_all_cells_OLS","good","Northern",43,3,2.72573848203925,62.3684846694886,59.6427461874494,9134,212.418604651163,72,0.745595248264177,1.631809949507,0.0697674418604651,"reverse_LDG"
21.745,"Aquitanian","Northern",-0.745841244944914,51.9991364784215,0.740097066513529,-2.19643149531143,0.704749005421603,0.359820650369437,0.168825367038453,7,"grid_cell_all_cells_OLS","bad","Bad hemisphere",7,2,7.24027666827187,47.8962635996978,40.6559869314259,620,88.5714285714286,39,0.739837499418351,1.36592666096045,0,"normal_LDG"
25.17,"Chattian","Northern",-0.0463215239862326,31.8146363745043,0.366264014196604,-0.764198991811577,0.671555943839112,0.900263462635295,0.000570914574085739,30,"grid_cell_all_cells_OLS","good","Northern",30,3,7.24027666827187,59.1143250490631,51.8740483807912,3582,119.4,102.5,0.830011890878043,1.7954334677404,0.1,"normal_LDG"
30.6,"Rupelian","Northern",0.404821200201905,13.0809793298521,0.283990443169246,-0.151800068409818,0.961442468813627,0.163410878042174,0.0580035244657554,35,"grid_cell_all_cells_OLS","good","Northern",35,3,5.36689171924587,59.7585569074558,54.3916651882099,7300,208.571428571429,80,0.833545168627628,1.89102670589733,0.142857142857143,"reverse_LDG"
35.805,"Priabonian","Northern",0.30496231691756,11.5029670063677,0.229495799409075,-0.144849449924228,0.754774083759347,0.192500697729025,0.0480284741548825,37,"grid_cell_all_cells_OLS","good","Northern",37,3,2.38733075400166,50.6301843221458,48.2428535681441,3805,102.837837837838,58,1.02392837894787,1.83463404660542,0.243243243243243,"reverse_LDG"
39.37,"Bartonian","Northern",0.0415413886039789,30.3051762483867,0.437404495481247,-0.815771422539264,0.898854199747222,0.924928921717751,0.000281788431705344,34,"grid_cell_all_cells_OLS","good","Northern",34,3,7.06636585860008,62.1264153643694,55.0600495057693,10687,314.323529411765,81.5,0.822912036370755,1.69931122112038,0.117647058823529,"reverse_LDG"
44.55,"Lutetian","Northern",0.527190572983716,-0.0310788304797932,0.254597632868092,0.0281792125622565,1.02620193340518,0.0462853846395247,0.114990167008075,35,"grid_cell_all_cells_OLS","good","Northern",35,3,1.21916722992874,62.4358517731045,61.2166845431758,6901,197.171428571429,52,0.775196433342907,1.69931122112038,0.0857142857142857,"reverse_LDG"
52.035,"Ypresian","Northern",0.461813735436789,12.1319216585207,0.389544931195045,-0.301694329705499,1.22532180057908,0.245435092634273,0.0462239435381345,31,"grid_cell_all_cells_OLS","good","Northern",31,3,1.36770949030931,52.5833589733677,51.2156494830584,6548,211.225806451613,118,0.812736674924496,1.96102357892451,0.0967741935483871,"reverse_LDG"
57.62,"Thanetian","Northern",0.175508726486519,18.926511768803,0.46628117491058,-0.738402376338218,1.08941982931126,0.711563409480801,0.00877713933336112,18,"grid_cell_all_cells_OLS","good","Northern",18,3,9.59899916567213,72.0740681049142,62.4750689392421,2397,133.166666666667,42.5,0.759168692695593,1.77677604360618,0.111111111111111,"reverse_LDG"
60.45,"Selandian","Northern",1.14629138405308,20.8864915319185,0.875099079815727,-0.568902812385747,2.8614855804919,0.320468533511362,0.461763013948199,4,"grid_cell_all_cells_OLS","bad","Bad hemisphere",4,2,33.9767837990702,61.7098755954898,27.7330917964196,1355,338.75,362,0.525880136418169,1.20784555884245,0,"reverse_LDG"
63.83,"Danian","Northern",-1.10675428267424,70.3421593759332,1.5672771669841,-4.17861752996307,1.9651089646146,0.489126533954101,0.0269569262059722,20,"grid_cell_all_cells_OLS","bad","Bad hemisphere",20,2,32.9485708535521,50.3394945906239,17.3909237370718,2294,114.7,35.5,0.775324669501259,1.86812149114632,0.1,"normal_LDG"
69.1,"Maastrichtian","Northern",0.252250184971876,18.8876640130645,0.282711031365111,-0.301863436503743,0.806363806447495,0.376007931887313,0.0137745940063831,59,"grid_cell_all_cells_OLS","good","Northern",59,3,4.73912066088779,62.1264153643014,57.3872947034136,16908,286.576271186441,49,0.647988286695547,1.93485055533146,0.0847457627118644,"reverse_LDG"
77.9,"Campanian","Northern",-0.136568795581406,25.525861856477,0.175571454894871,-0.480688847175352,0.207551256012541,0.439204223965129,0.00833351615240249,74,"grid_cell_all_cells_OLS","good","Northern",74,3,2.51467382507857,71.9435853513676,69.428911526289,8631,116.635135135135,58,0.701148618445828,1.97431097941788,0.108108108108108,"normal_LDG"
84.65,"Santonian","Northern",-0.319804506342964,22.0109575959648,0.339157414685583,-0.984553039126707,0.344944026440778,0.354073988208475,0.0318809694435701,29,"grid_cell_all_cells_OLS","good","Northern",29,3,9.82080498363322,59.8661434863392,50.045338502706,1858,64.0689655172414,43,0.603479976386409,1.73081931712196,0.0689655172413793,"normal_LDG"
87.75,"Coniacian","Northern",-0.28649459694008,28.6379747260971,0.314289717629166,-0.902502443493247,0.329513249613086,0.368063214706991,0.022561068217785,38,"grid_cell_all_cells_OLS","good","Northern",38,3,11.9549110527488,59.8661434863392,47.9112324335904,1339,35.2368421052632,15,0.823254981129096,1.74839493172563,0.0789473684210526,"normal_LDG"
91.85,"Turonian","Northern",-0.0679441058780044,14.8408774997832,0.101051645217165,-0.266005330503648,0.130117118747639,0.503626431118508,0.00660435088869753,70,"grid_cell_all_cells_OLS","good","Northern",70,3,2.37430192352162,79.9453396667681,77.5710377432465,4450,63.5714285714286,27,0.749440251613298,1.92804247452722,0.0857142857142857,"normal_LDG"
97.2,"Cenomanian","Northern",-0.102356178432187,24.7054139354682,0.190644478923763,-0.476019357122762,0.271307000258389,0.59288775531936,0.00372963341994409,79,"grid_cell_all_cells_OLS","good","Northern",79,3,2.34939829632448,62.2141685429068,59.8647702465823,7269,92.0126582278481,27,0.883606035699761,1.93485055533146,0.189873417721519,"normal_LDG"
106.85,"Albian","Northern",-0.333097123668945,34.3724040711357,0.153592632268535,-0.634138682915272,-0.0320555644226169,0.0356815950559681,0.0985945117465074,45,"grid_cell_all_cells_OLS","good","Northern",45,3,1.32057636706172,79.1899781183957,77.869401751334,4343,96.5111111111111,41,0.821629946307322,1.98703931713944,0.2,"normal_LDG"
117.3,"Aptian","Northern",-0.133260835957528,26.0695132472421,0.289410162611212,-0.700504754675503,0.433983082760448,0.647957881774048,0.00585497111075188,38,"grid_cell_all_cells_OLS","good","Northern",38,3,2.73714864483656,70.821541970517,68.0843933256804,3635,95.6578947368421,25,0.930374860047855,1.82094288229026,0.184210526315789,"normal_LDG"
123.585,"Barremian","Northern",-0.0730035922768525,11.6033050600279,0.233001275707045,-0.52968609266266,0.383678908108955,0.756446405219475,0.00362269628926027,29,"grid_cell_all_cells_OLS","good","Northern",29,3,4.10205669910358,73.4808026835155,69.3787459844119,2067,71.2758620689655,34,0.90763787305546,1.74839493172563,0.206896551724138,"normal_LDG"
129.185,"Hauterivian","Northern",-0.522892928720118,52.9875904614209,0.354432819955638,-1.21758125583317,0.171795398392932,0.152617427369116,0.080087407003378,27,"grid_cell_all_cells_OLS","good","Northern",27,3,5.44728213482918,70.1311887076051,64.6839065727759,2492,92.2962962962963,36,0.627839716467524,1.92666515849871,0.037037037037037,"normal_LDG"
134.825,"Valanginian","Northern",-0.0368080150758257,13.4248025815381,0.144525213881604,-0.32007743428377,0.246461404132119,0.80041775470212,0.00179851169847958,38,"grid_cell_all_cells_OLS","good","Northern",38,3,4.10205669910358,79.8413809668959,75.7393242677923,3908,102.842105263158,38.5,0.67142797399982,1.86999332474669,0.0789473684210526,"normal_LDG"
140.075,"Berriasian","Northern",0.083075769661314,20.7902298427468,0.223062489009041,-0.354126708796406,0.520278248119034,0.711816462302145,0.00394738869745853,37,"grid_cell_all_cells_OLS","good","Northern",37,3,5.44728213482918,78.1351410874667,72.6878589526375,1420,38.3783783783784,22,0.712021050484289,1.69931122112038,0.108108108108108,"reverse_LDG"
146.15,"Tithonian","Northern",-0.130310932050082,22.3751389760669,0.224027270630458,-0.56940438248578,0.308782518385617,0.564861504617145,0.0104626605391034,34,"grid_cell_all_cells_OLS","good","Northern",34,3,5.37796105954232,75.4880138838721,70.1100528243298,4104,120.705882352941,47.5,0.766162027689141,1.77497337905659,0.117647058823529,"normal_LDG"
152,"Kimmeridgian","Northern",-0.569228791502195,46.8019269442035,0.287684284439493,-1.1330899890036,-0.00536759400078823,0.05776734584071,0.12267198858333,30,"grid_cell_all_cells_OLS","bad","Bad hemisphere",30,2,21.0836326411185,74.5914634086358,53.5078307675173,3750,125,29.5,0.926146842041007,1.92654407576933,0.266666666666667,"normal_LDG"
158.15,"Oxfordian","Northern",-0.153465786873152,27.1464819449536,0.293888224954414,-0.729486707783802,0.422555134037499,0.604490976559482,0.0069433361665565,41,"grid_cell_all_cells_OLS","good","Northern",41,3,4.0853150516345,74.5914634086358,70.5061483570013,6960,169.756097560976,36,0.743452965047917,1.77677604360618,0.0731707317073171,"normal_LDG"
163.4,"Callovian","Northern",-0.876790732426884,53.237312194075,0.249951452475273,-1.36669557927842,-0.386885885575348,0.00173109476688421,0.329848013284235,27,"grid_cell_all_cells_OLS","good","Northern",27,3,9.82080498363322,73.3756328561629,63.5548278725297,2765,102.407407407407,55,0.6295091143106,1.60722901523434,0.037037037037037,"normal_LDG"
166.75,"Bathonian","Northern",0.120978754043698,14.5938650900378,0.309274768577101,-0.485199792367419,0.727157300454815,0.698347916706243,0.00491166991694416,33,"grid_cell_all_cells_OLS","good","Northern",33,3,9.70186105641575,53.1478836003791,43.4460225439634,2825,85.6060606060606,40,0.632514110567507,1.81146071102998,0.0606060606060606,"reverse_LDG"
169.55,"Bajocian","Northern",-0.186551764645685,23.2673410096597,0.275126686752634,-0.725800070680849,0.352696541389478,0.502765300430283,0.0146142943670182,33,"grid_cell_all_cells_OLS","good","Northern",33,3,8.10098455665176,79.9453396667561,71.8443551101043,1972,59.7575757575758,22,0.677697409887222,1.68625529144652,0.0606060606060606,"normal_LDG"
172.8,"Aalenian","Northern",-0.192791654886953,25.967757372447,0.295156960614488,-0.771299297691351,0.385715987917444,0.52011470225344,0.0182121089124916,25,"grid_cell_all_cells_OLS","good","Northern",25,3,15.580191001607,74.4337706462861,58.8535796446791,1974,78.96,31,0.620473153504136,1.73081931712196,0.08,"normal_LDG"
179.45,"Toarcian","Northern",-0.429751856281212,40.3314432192424,0.250824689762604,-0.921368248215916,0.0618645356534923,0.0930997636679071,0.0576333201990171,50,"grid_cell_all_cells_OLS","good","Northern",50,3,14.3789486715566,75.4880138838721,61.1090652123155,9427,188.54,61,0.494425805522027,1.86999332474669,0.06,"normal_LDG"
188.55,"Pliensbachian","Northern",-0.0921475333214583,34.6672881099659,0.233242414464704,-0.549302665672277,0.365007599029361,0.694124290154759,0.00247136671141907,65,"grid_cell_all_cells_OLS","good","Northern",65,3,4.86349084348256,73.6605464111284,68.7970555676458,8576,131.938461538462,43,0.627762165057114,1.93485055533146,0.0769230769230769,"normal_LDG"
196.2,"Sinemurian","Northern",0.071402131371289,14.274616608569,0.202245291028853,-0.324998639045263,0.467802901787841,0.725738889299616,0.00282477796337353,46,"grid_cell_all_cells_OLS","good","Northern",46,3,1.37881114344226,66.476808706466,65.0979975630237,2965,64.4565217391304,25,0.699793610393996,1.97385615143142,0.108695652173913,"reverse_LDG"
200.45,"Hettangian","Northern",0.324715927242067,19.4092740818477,0.426187104556615,-0.510610797688898,1.16004265217303,0.45385675830408,0.024618039039905,25,"grid_cell_all_cells_OLS","good","Northern",25,3,6.0525515675304,66.476808706466,60.4242571389356,1300,52,27,0.763808619485413,1.92528127227721,0.12,"reverse_LDG"
203.55,"Rhaetian","Northern",-0.409252068728525,37.256545564507,0.331867886794703,-1.05971312684614,0.241208989389094,0.23180761788947,0.0706633731912763,22,"grid_cell_all_cells_OLS","good","Northern",22,3,4.83161937714494,67.5278428630317,62.6962234858868,2160,98.1818181818182,22,0.885132150933027,1.77677604360618,0.227272727272727,"normal_LDG"
216.5,"Norian","Northern",-0.600967507964267,46.8062969764176,0.172048974366366,-0.938183497722343,-0.26375151820619,0.00125554845804764,0.247983786909282,39,"grid_cell_all_cells_OLS","good","Northern",39,3,1.21255255959531,80.2978112502408,79.0852586906455,3314,84.974358974359,46,1.08250894464791,1.95496381380396,0.307692307692308,"normal_LDG"
232.15,"Carnian","Northern",-0.299188963412546,23.1403825934474,0.158534855059407,-0.609917279328984,0.0115393525038918,0.0699264690839377,0.116537565635958,29,"grid_cell_all_cells_OLS","good","Northern",29,3,7.01678574193906,82.382340216189,75.3655544742499,4270,147.241379310345,15,1.03742700799406,1.86999332474669,0.241379310344828,"normal_LDG"
239.232,"Ladinian","Northern",-0.12228750769141,16.9290756112426,0.177229502610711,-0.469657332808403,0.225082317425583,0.496815787647632,0.01945136345335,26,"grid_cell_all_cells_OLS","good","Northern",26,3,2.34465021326615,71.4055877348787,69.0609375216125,1682,64.6923076923077,26.5,0.846402061542001,1.76346642369874,0.153846153846154,"normal_LDG"
244.082,"Anisian","Northern",-0.158986386125853,33.5442692683133,0.253708420755114,-0.656254890805875,0.33828211855417,0.534954980035479,0.0110952357913522,37,"grid_cell_all_cells_OLS","good","Northern",37,3,2.38733075401385,70.7337204569181,68.3463897029043,5604,151.459459459459,43,0.801099560795985,1.77677604360618,0.243243243243243,"normal_LDG"
248.3,"Olenekian","Northern",-0.180680806235635,27.2529476168588,0.155016278951591,-0.484512712980752,0.123151100509483,0.251674286722066,0.0373648377595681,37,"grid_cell_all_cells_OLS","good","Northern",37,3,4.76750231498914,73.6605464112865,68.8930440962974,4631,125.162162162162,60,0.683743161355441,1.85878669471231,0.108108108108108,"normal_LDG"
250.901,"Induan","Northern",-0.199568719486672,36.4113703174983,0.211481141155235,-0.614071756150932,0.214934317177589,0.351459157550757,0.0235023415399047,39,"grid_cell_all_cells_OLS","good","Northern",39,3,1.32057636706172,73.8495458967466,72.5289695296849,3442,88.2564102564103,39,0.537614495817738,1.88538024585157,0.0512820512820513,"normal_LDG"
253.021,"Changhsingian","Northern",-0.564486991161931,41.5112246845051,0.263226330332279,-1.0804105986132,-0.0485633837106638,0.041512229369661,0.150294856006401,28,"grid_cell_all_cells_OLS","good","Northern",28,3,2.40271438643919,78.1351410892087,75.7324267027695,6457,230.607142857143,79,0.59721665269076,1.51927470457372,0.0714285714285714,"normal_LDG"
256.825,"Wuchiapingian","Northern",-0.821629595037957,44.500910237258,0.25224250358519,-1.31602490206493,-0.327234288010984,0.00217013981413939,0.194286842780998,46,"grid_cell_all_cells_OLS","good","Northern",46,3,1.20452404890091,67.2811723039042,66.0766482550033,5748,124.95652173913,59,0.821950772286901,1.86999332474669,0.152173913043478,"normal_LDG"
261.895,"Capitanian","Northern",-0.431872267625101,39.0667191221086,0.221554518736127,-0.86611912434791,0.00237458909770805,0.0641241155447776,0.147276935496265,24,"grid_cell_all_cells_OLS","good","Northern",24,3,1.21255256233619,75.910601807077,74.6980492447408,3526,146.916666666667,29,1.04046569707857,1.91408472236431,0.291666666666667,"normal_LDG"
265.59,"Wordian","Northern",-0.19473900698368,17.8760552673147,0.0593455598397395,-0.311056304269569,-0.0784217096977904,0.00356074080092642,0.338954548677613,23,"grid_cell_all_cells_OLS","good","Northern",23,3,1.212552561349,79.189978120788,77.977425559439,2345,101.95652173913,25,0.923157351809206,1.82902679293655,0.0869565217391304,"normal_LDG"
270.65,"Roadian","Northern",-0.497299209818183,36.3100840617908,0.166763848361705,-0.824156352607124,-0.170442067029241,0.00534785009516443,0.212272520621699,35,"grid_cell_all_cells_OLS","good","Northern",35,3,1.21255256233619,76.8063644640993,75.5938119017631,6652,190.057142857143,22,0.832031942275512,1.93366937338113,0.171428571428571,"normal_LDG"
278.85,"Kungurian","Northern",-0.34025047311902,29.6197029720575,0.143065125851388,-0.62065811978774,-0.0598428264502993,0.0229835614734645,0.139124114022682,37,"grid_cell_all_cells_OLS","good","Northern",37,3,4.26473135144204e-10,73.0561294534211,73.0561294529946,4132,111.675675675676,40,0.824924205912383,1.93485055533146,0.189189189189189,"normal_LDG"
286.7,"Artinskian","Northern",-0.955087677516572,55.5120626930456,0.456119968738617,-1.84908281624426,-0.0610925387888832,0.0457881903130948,0.139704999151801,29,"grid_cell_all_cells_OLS","good","Northern",29,3,1.3353436252092,57.4244848024839,56.0891411772747,1866,64.3448275862069,51,0.990378271492376,1.99699378853138,0.206896551724138,"normal_LDG"
291.81,"Sakmarian","Northern",-0.103552653273505,24.2103996352124,0.184674554267536,-0.465514779637875,0.258409473090865,0.579288251124158,0.010725734855361,31,"grid_cell_all_cells_OLS","good","Northern",31,3,1.20452404890091,67.4252297651366,66.2207057162357,1604,51.741935483871,22,0.9244051772431,1.95496381380396,0.258064516129032,"normal_LDG"
296.21,"Asselian","Northern",-0.173913286832005,20.479862563843,0.283336778073803,-0.72925337185666,0.381426798192649,0.547024395935878,0.0205017430542072,20,"grid_cell_all_cells_OLS","good","Northern",20,3,4.10205669910358,64.8793185992571,60.7772619001535,796,39.8,23,0.926639238346297,1.95385555254255,0.2,"normal_LDG"
301.3,"Gzhelian","Northern",-0.884211710423129,46.2906064313172,0.349769236190168,-1.56975941335586,-0.1986640074904,0.0393485769868393,0.477249639175923,9,"grid_cell_all_cells_OLS","good","Northern",9,3,2.73714864483656,62.3322792102548,59.5951305654182,762,84.6666666666667,65,0.697754728761247,1.21264729554366,0,"normal_LDG"
305.35,"Kasimovian","Northern",-0.0300136930216872,3.32117610754114,0.0421044707855179,-0.112538455761302,0.0525110697179279,0.605747345443528,0.336931102714723,3,"grid_cell_all_cells_OLS","good","Northern",3,2,1.3353436252092,36.9157094946593,35.5803658694501,21,7,7,0.629957828707702,0.89166428008,0,"normal_LDG"
311.1,"Moscovian","Northern",-1.64077295664169,56.4415036539733,0.790999276353911,-3.19113153829536,-0.0904143749880257,0.0767276691309154,0.380680983006929,9,"grid_cell_all_cells_OLS","good","Northern",9,2,2.73714864483656,34.5127683989232,31.7756197540866,605,67.2222222222222,44,1.0367992419862,1.89682970105838,0.111111111111111,"normal_LDG"
319.3,"Bashkirian","Northern",-0.454870091317014,41.4298461006819,0.359289790470734,-1.15907808063965,0.249337898005624,0.2277214479996,0.109761049412364,15,"grid_cell_all_cells_OLS","good","Northern",15,3,1.37881114344226,56.7358597661561,55.3570486227138,984,65.6,46,0.942271131053951,1.8762722805836,0.266666666666667,"normal_LDG"
326.85,"Serpukhovian","Northern",-1.00746155533206,34.9340745879143,0.364228568882548,-1.72134955034185,-0.293573560322265,0.0144140531925772,0.33777281641146,17,"grid_cell_all_cells_OLS","good","Northern",17,2,1.36770949109522,33.0865645831649,31.7188550920697,1276,75.0588235294118,37,0.951630830091323,1.90253445145503,0.235294117647059,"normal_LDG"
338.5,"Visean","Northern",-0.338656658259885,17.448820295099,0.4601839506175,-1.24061720147019,0.563303884950415,0.482798636407171,0.0634042673631912,10,"grid_cell_all_cells_OLS","good","Northern",10,2,1.37881114344226,27.6316048623392,26.2527937188969,456,45.6,23.5,0.975601199937524,1.73081931712196,0.2,"normal_LDG"
352.78,"Tournaisian","Northern",-2.14133912473243,29.441211373122,0.301237598350363,-2.73176481749914,-1.55091343196572,0.0889740204006875,0.980593971377049,3,"grid_cell_all_cells_OLS","bad","Bad hemisphere",3,1,2.74598459041908,10.6605099045263,7.91452531410722,323,107.666666666667,38,0.700178584614647,1.17768503355842,0,"normal_LDG"
365.505,"Famennian","Northern",0.914678860537638,17.0602970738562,0.762147726992417,-0.579130684367499,2.40848840544277,0.275319109731209,0.193583062853308,8,"grid_cell_all_cells_OLS","good","Northern",8,2,4.26473135144204e-10,33.3657678087556,33.3657678083291,309,38.625,29.5,1.17960229749822,1.71095793773594,0.25,"reverse_LDG"
377.23,"Frasnian","Northern",0.328627372714316,14.6821367857124,0.531749269644463,-0.713601195788832,1.37085594121746,0.563627329984184,0.0709667503002297,7,"grid_cell_all_cells_OLS","good","Northern",7,2,7.01154824065723,31.7070933029067,24.6955450622495,531,75.8571428571429,39,0.752529856417058,1.04242914214332,0,"reverse_LDG"
385.13,"Givetian","Northern",0.0731254752435228,15.7140100249004,0.464323365962467,-0.836948322042912,0.983199272529957,0.881022416355557,0.00493602470086059,7,"grid_cell_all_cells_OLS","good","Northern",7,2,2.43702323048163,35.905684822442,33.4686615919604,273,39,32,1.11860607256278,1.61425890231208,0.142857142857143,"reverse_LDG"
390.71,"Eifelian","Northern",-4.96171253909018,24.0668809226843,2.40740918777978,-9.68023454713854,-0.243190531041822,0.108327461483214,0.515021791476115,6,"grid_cell_all_cells_OLS","bad","Bad hemisphere",6,1,8.42264879290965e-10,4.68219898655942,4.68219898571715,177,29.5,18,1.17695699542478,1.82677923274249,0.333333333333333,"normal_LDG"
402.045,"Emsian","Northern",-0.524630857073742,29.130183157509,0.247210964068665,-1.00916434664833,-0.0400973674991579,0.05214364772353,0.243395731015199,16,"grid_cell_all_cells_OLS","good","Northern",16,3,1.24700325793504e-09,44.1541501132132,44.1541501119662,1493,93.3125,30,0.97688090154501,1.69931122112038,0.1875,"normal_LDG"
411.82,"Pragian","Northern",5.42767758077488,4.92500484071198,4.75661733265861,-3.89529239123599,14.7506475527857,0.372052670842118,0.394317848196517,4,"grid_cell_all_cells_OLS","bad","Bad hemisphere",4,1,1.37445851559862,6.74338302131239,5.36892450571377,460,115,101,1.26173400477301,1.87151565297495,0.5,"reverse_LDG"
416.32,"Lochkovian","Northern",-1.88023249195084,40.2367872026088,0.908374502393676,-3.66064651664244,-0.0998184672592362,0.0839005719859076,0.416593925194824,8,"grid_cell_all_cells_OLS","bad","Bad hemisphere",8,1,4.65240673820485,18.5362727465994,13.8838660083946,725,90.625,66,0.862944745345709,1.62889949291955,0.25,"normal_LDG"
421.16,"Pridoli","Northern",-2.86627781505874,41.8269355151586,4.25039123268034,-11.1970446311122,5.46448900099472,0.622288859408562,0.312599655866589,3,"grid_cell_all_cells_OLS","bad","Bad hemisphere",3,1,4.6879006991163,9.45091953397085,4.76301883485455,194,64.6666666666667,76,0.991881319095429,1.39488369968668,0,"normal_LDG"
423.85,"Ludfordian","Northern",-0.392784157699918,26.8432144100106,0.351603917213503,-1.08192783543838,0.296359520038549,0.300813234801415,0.151305248289876,9,"grid_cell_all_cells_OLS","good","Northern",9,3,2.38733075125908,43.7807391345764,41.3934083833173,369,41,35,1.16563958810061,1.99886760462723,0.111111111111111,"normal_LDG"
428.65,"Homerian","Northern",-0.137925051480166,15.4443158966059,0.209428141551446,-0.548404208921,0.272554105960668,0.526653117386795,0.0459761856732493,11,"grid_cell_all_cells_OLS","good","Northern",11,2,2.70375680358527,35.495329696631,32.7915728930457,742,67.4545454545455,38,1.00433379107538,1.92666515849871,0.272727272727273,"normal_LDG"
431.75,"Sheinwoodian","Northern",-2.31828680089055,35.3365697868026,4.49099631705088,-11.1206395823103,6.48406598052918,0.696631883302023,0.210403952169183,3,"grid_cell_all_cells_OLS","bad","Bad hemisphere",3,1,2.37430192352162,10.6152548931729,8.24095296965128,403,134.333333333333,42,0.700789087364549,1.55040830655398,0.333333333333333,"normal_LDG"
435.75,"Telychian","Northern",-0.492108794274014,27.677169842679,0.62257645314999,-1.712358642448,0.728141053899966,0.443452438050619,0.0458571357326285,15,"grid_cell_all_cells_OLS","good","Northern",15,2,1.22206669882884,35.9201492726432,34.6980825738144,885,59,30,1.19114783777298,1.95496381380396,0.4,"normal_LDG"
439.55,"Aeronian","Northern",16.008349826658,-47.1267370837931,9.15141865555878,-1.92843073823721,33.9451303915532,0.330612295164508,0.753692383570347,3,"grid_cell_all_cells_OLS","bad","Bad hemisphere",3,1,2.43928302426917,8.00177205375401,5.56248902948484,194,64.6666666666667,73,0.862717011937469,1.96590958127921,0.333333333333333,"reverse_LDG"
441.8,"Rhuddanian","Northern",-0.143414515043524,28.7122626350136,0.692345600035872,-1.50041189111383,1.21358286102678,0.849161633407471,0.014101051316359,5,"grid_cell_all_cells_OLS","good","Northern",5,2,9.27948457412425e-10,33.2234450919662,33.2234450910383,212,42.4,28,0.581504519583557,1.0279640422142,0,"normal_LDG"
444.15,"Hirnantian","Northern",-0.163862829489378,20.2238354282082,1.19763174370121,-2.51122104714375,2.18349538816499,0.897781468916196,0.00465828992159488,6,"grid_cell_all_cells_OLS","bad","Bad hemisphere",6,1,5.37796106152017,12.943058869489,7.56509780796883,278,46.3333333333333,34.5,0.727819688584931,1.44581174629254,0,"normal_LDG"
449,"Katian","Northern",-0.359886039952818,21.792575765224,0.39491560814622,-1.13392063191941,0.414148552013772,0.371590872367277,0.0348488848064644,25,"grid_cell_all_cells_OLS","good","Northern",25,2,1.24700325793504e-09,25.2086100697059,25.2086100684589,2212,88.48,50,1.15799108235925,1.9719315793372,0.36,"normal_LDG"
455.5,"Sandbian","Northern",-0.84163867116007,23.2782349432759,0.644968304581618,-2.10577654814004,0.422499205819903,0.218554872964496,0.134052119980809,13,"grid_cell_all_cells_OLS","bad","Bad hemisphere",13,1,2.34939829632842,16.4654365274122,14.1160382310838,980,75.3846153846154,45,0.865997707064432,1.929699024344,0.0769230769230769,"normal_LDG"
463.8,"Darriwilian","Northern",-0.194142953817603,12.5715869266709,0.317638249546239,-0.816713922928232,0.428428015293026,0.548703881393062,0.0203321831918225,20,"grid_cell_all_cells_OLS","good","Northern",20,2,2.42420109094807e-09,30.3887926704868,30.3887926680626,1140,57,33.5,0.89037859169594,1.83745407468028,0.15,"normal_LDG"
470.35,"Dapingian","Northern",NA,NA,NA,NA,NA,NA,NA,2,"grid_cell_all_cells_OLS","good","Northern",2,2,12.1239104237045,25.1816346517899,13.0577242280854,112,56,56,0.854172940597297,1.06493821389781,0,NA
474.2,"Floian","Northern",-0.454297116899212,25.5221370010043,0.493049146271014,-1.4206734435904,0.512079209791976,0.369731767878274,0.0475648396735331,19,"grid_cell_all_cells_OLS","good","Northern",19,2,2.4308011486264,32.71487218833,30.2840710397036,1275,67.1052631578947,36,0.806069701727728,1.96102357892451,0.105263157894737,"normal_LDG"
481.975,"Tremadocian","Northern",NA,NA,NA,NA,NA,NA,NA,1,"grid_cell_all_cells_OLS","bad","Bad hemisphere",1,1,9.35561819434374,9.35561819434374,0,38,38,38,1.04927231986245,1.04927231986245,0,NA
0.00585,"Holocene","Southern",0.297135606158777,14.3053330156093,0.358489138492627,-0.405503105286772,0.999774317604326,0.428619856392049,0.0709198884919406,11,"grid_cell_all_cells_OLS","good","Southern",11,3,8.41731465741418,55.6555096482488,47.2381949908346,550,50,29,0.894921467458268,1.92666515849871,0.181818181818182,"reverse_LDG"
1.29585,"Pleistocene","Southern",-0.245308467474833,22.0856373535494,0.21703649188291,-0.670699991565338,0.180083056615671,0.269534675803505,0.050538867508211,26,"grid_cell_all_cells_OLS","good","Southern",26,3,2.5146738205732,75.9498746602386,73.4352008396654,2552,98.1538461538462,57.5,0.91555083674566,1.94801983411601,0.230769230769231,"normal_LDG"
3.09,"Piacenzian","Southern",-0.889372808241153,41.4603524803137,0.309511396757884,-1.4960151458866,-0.282730470595701,0.0238731786275048,0.541189700311649,9,"grid_cell_all_cells_OLS","good","Southern",9,3,7.25798731553393,43.7827146670404,36.5247273515065,720,80,84,0.869368628869036,1.45131872244668,0,"normal_LDG"
4.4665,"Zanclean","Southern",-0.593243078669378,42.9730817433072,0.73072646164406,-2.02546694349174,0.83898078615298,0.453775307832751,0.116468320388693,7,"grid_cell_all_cells_OLS","good","Southern",7,3,6.0693809076808,42.179413460242,36.1100325525612,767,109.571428571429,80,1.12680023871437,1.7908250807036,0.142857142857143,"normal_LDG"
6.2895,"Messinian","Southern",NA,NA,NA,NA,NA,NA,NA,2,"grid_cell_all_cells_OLS","bad","Bad hemisphere",2,2,29.5779696154724,42.1208796824855,12.5429100670131,13,6.5,6.5,0.430899274652038,0.618046269693838,0,NA
9.438,"Tortonian","Southern",-0.218561591444957,35.2859764556033,0.712435149164225,-1.61493448380684,1.17781130091692,0.767934610721117,0.0132665748805603,9,"grid_cell_all_cells_OLS","good","Southern",9,3,2.42417254122192e-09,45.8181578990297,45.8181578966055,1068,118.666666666667,26,1.27030972662058,1.69931122112038,0.333333333333333,"normal_LDG"
12.725,"Serravallian","Southern",0.0406607192924964,18.0982340630969,0.47144180980205,-0.883365227919521,0.964686666504514,0.933389176029786,0.000928967036690608,10,"grid_cell_all_cells_OLS","good","Southern",10,3,2.41724393620129,48.4820559670365,46.0648120308352,1201,120.1,93,0.956825281502429,1.92666515849871,0.3,"reverse_LDG"
14.9,"Langhian","Southern",NA,NA,NA,NA,NA,NA,NA,1,"grid_cell_all_cells_OLS","bad","Bad hemisphere",1,1,47.8962636046131,47.8962636046131,0,22,22,22,1.20372892742562,1.20372892742562,0,NA
18.215,"Burdigalian","Southern",-0.078913828509768,15.373391659355,0.149400717049037,-0.371739233925881,0.213911576906345,0.604608322563415,0.0171385153479404,18,"grid_cell_all_cells_OLS","good","Southern",18,3,1.37445851663874,62.3515320611258,60.9770735444871,2185,121.388888888889,75,0.966822849109671,1.77677604360618,0.166666666666667,"normal_LDG"
21.745,"Aquitanian","Southern",NA,NA,NA,NA,NA,NA,NA,2,"grid_cell_all_cells_OLS","bad","Bad hemisphere",2,1,44.3277506805475,44.8639434385599,0.536192758012398,209,104.5,104.5,0.780447359224099,1.43208222226493,0,NA
25.17,"Chattian","Southern",0.391471950763659,1.72343261849537,0.487787336213042,-0.564591228213903,1.34753512974122,0.458668561812494,0.114116132933096,7,"grid_cell_all_cells_OLS","bad","Bad hemisphere",7,2,4.83161937714478,52.741882103282,47.9102627261372,490,70,7,0.981600144754772,1.73081931712196,0.285714285714286,"reverse_LDG"
30.6,"Rupelian","Southern",0.383627197397451,-2.317021291959,0.192913556859489,0.00551662595285335,0.76173776884205,0.185064145288276,0.664120447294728,4,"grid_cell_all_cells_OLS","bad","Bad hemisphere",4,2,15.4356356723759,51.5803101281098,36.1446744557339,199,49.75,49.5,0.685378274343286,1.10915465205353,0,"reverse_LDG"
35.805,"Priabonian","Southern",0.193125616460227,2.21923736203348,0.212075182079471,-0.222541740415536,0.60879297333599,0.392759010755736,0.105920095290245,9,"grid_cell_all_cells_OLS","bad","Bad hemisphere",9,2,17.6622482379619,63.2969896011457,45.6347413631838,530,58.8888888888889,34,1.08115634089703,1.91408472236431,0.222222222222222,"reverse_LDG"
39.37,"Bartonian","Southern",-0.34869728123793,37.9617721337635,0.415441209475372,-1.16296205180966,0.4655674893338,0.433439957319806,0.105078023960986,8,"grid_cell_all_cells_OLS","bad","Bad hemisphere",8,2,6.05255156753039,63.2969896011457,57.2444380336153,871,108.875,64,0.908178975062465,1.73081931712196,0.125,"normal_LDG"
44.55,"Lutetian","Southern",-0.102807838510141,13.9004918413975,0.165740727502491,-0.427659664415024,0.222043987394742,0.554713261658359,0.0521023579361438,9,"grid_cell_all_cells_OLS","bad","Bad hemisphere",9,2,1.19733042047255e-09,63.2969896011457,63.2969895999484,961,106.777777777778,45,0.80094285329175,1.80419856749605,0.111111111111111,"normal_LDG"
52.035,"Ypresian","Southern",0.2476748189888,5.51051930484877,0.0518970877441096,0.145956527010345,0.349393110967255,0.00308674221651724,0.791493016795934,8,"grid_cell_all_cells_OLS","bad","Bad hemisphere",8,2,1.23588259077903e-09,63.2969896011457,63.2969895999098,425,53.125,48,0.824203057742457,1.41182080599734,0,"reverse_LDG"
57.62,"Thanetian","Southern",0.137318317560289,50.735101300942,0.54257003182453,-0.92611894481579,1.20075557993637,0.823838030145187,0.031033039623128,4,"grid_cell_all_cells_OLS","bad","Bad hemisphere",4,2,1.23588259077903e-09,60.373224710127,60.3732247088911,395,98.75,118.5,1.03956565661711,1.2648731630164,0,"reverse_LDG"
63.83,"Danian","Southern",0.397886247891981,13.3310685305585,0.456476092491757,-0.496806893391863,1.29257938917583,0.423271608436579,0.13190968706521,7,"grid_cell_all_cells_OLS","good","Southern",7,3,2.40271438372796,64.0336165596296,61.6309021759016,1202,171.714285714286,88,0.509892870333886,1.5796978800122,0.142857142857143,"reverse_LDG"
69.1,"Maastrichtian","Southern",-0.129229900294849,22.1479470127105,0.218473176747964,-0.557437326720858,0.29897752613116,0.56613380245813,0.0308274905238229,13,"grid_cell_all_cells_OLS","good","Southern",13,3,2.40271438372796,62.2141685429068,59.8114541591788,1979,152.230769230769,48,0.537470770894896,1.66009053110482,0.0769230769230769,"normal_LDG"
77.9,"Campanian","Southern",0.20365193576181,5.72586410206919,0.148681722469463,-0.0877642402783362,0.495068111801957,0.195860671329683,0.135205293195053,14,"grid_cell_all_cells_OLS","good","Southern",14,3,1.33534362616559,62.2141685429068,60.8788249167412,687,49.0714285714286,25.5,1.02917588099084,1.93485055533146,0.214285714285714,"reverse_LDG"
84.65,"Santonian","Southern",-0.127335199769613,17.9888843753396,0.272039436827075,-0.660532495950681,0.405862096411455,0.664096283174797,0.0519294676622986,6,"grid_cell_all_cells_OLS","bad","Bad hemisphere",6,2,18.7532203069453,64.0336165596296,45.2803962526843,615,102.5,61.5,0.88280028014974,1.78335379760011,0.333333333333333,"normal_LDG"
87.75,"Coniacian","Southern",-0.406552852280248,40.6065150919345,0.577859431821405,-1.5391573386502,0.726051634089706,0.520508619945714,0.110118841188456,6,"grid_cell_all_cells_OLS","bad","Bad hemisphere",6,2,9.20593094007576,66.1431122316858,56.93718129161,278,46.3333333333333,27,0.953780525918462,1.80573495381151,0.166666666666667,"normal_LDG"
91.85,"Turonian","Southern",-0.286826894818581,23.6774387710546,0.186209412653676,-0.651797343619785,0.0781435539826237,0.151734352291061,0.177426508588186,13,"grid_cell_all_cells_OLS","bad","Bad hemisphere",13,2,4.085315053154,69.1587036717288,65.0733886185748,1072,82.4615384615385,43,1.08690334377449,1.86999332474669,0.230769230769231,"normal_LDG"
97.2,"Cenomanian","Southern",0.121316761711486,8.7016178384322,0.126322661270757,-0.126275654379198,0.36890917780217,0.349592014031012,0.0487421662539522,20,"grid_cell_all_cells_OLS","good","Southern",20,3,1.18322279580722e-09,71.712256819287,71.7122568181038,661,33.05,19.5,0.932335613182627,1.86999332474669,0.25,"reverse_LDG"
106.85,"Albian","Southern",-0.0300009601961232,20.0957806306613,0.186549284797291,-0.395637558398813,0.335635638006567,0.873638943437434,0.0011232261652944,25,"grid_cell_all_cells_OLS","good","Southern",25,3,2.74630381542027,76.1048985260016,73.3585947105813,1770,70.8,35,0.943522670642859,1.86429293262221,0.32,"normal_LDG"
117.3,"Aptian","Southern",0.0636806491537978,8.86650707137228,0.124501323366405,-0.180341944644356,0.307703242951951,0.61758765233954,0.0197274306863879,15,"grid_cell_all_cells_OLS","good","Southern",15,3,8.0950244319975,80.068681645548,71.9736572135505,688,45.8666666666667,33,0.984967029489961,1.95807544913974,0.266666666666667,"reverse_LDG"
123.585,"Barremian","Southern",-0.00290745993536266,2.76102836629619,0.116177897561893,-0.230616139156672,0.224801219285947,0.981002358657719,0.000125243746807717,7,"grid_cell_all_cells_OLS","bad","Bad hemisphere",7,2,19.9297371755023,48.9599244289078,29.0301872534055,211,30.1428571428571,24,0.446825533083611,0.808056112953061,0,"normal_LDG"
129.185,"Hauterivian","Southern",-0.238833611617851,36.2571841745883,0.463945468419123,-1.14816672971933,0.670499506483629,0.633840367317388,0.062135141249479,6,"grid_cell_all_cells_OLS","bad","Bad hemisphere",6,2,28.9821798419181,66.440028707378,37.4578488654599,438,73,29,0.972829898774114,1.86999332474669,0.333333333333333,"normal_LDG"
134.825,"Valanginian","Southern",0.145836643280856,0.863969438024649,0.0610758488300167,0.0261279795740229,0.265545306987688,0.0625581487825909,0.532778741008875,7,"grid_cell_all_cells_OLS","good","Southern",7,2,4.99268835908881,38.4492058540608,33.456517494972,202,28.8571428571429,30,0.707527524963852,1.35318869941915,0,"reverse_LDG"
140.075,"Berriasian","Southern",-1.6163957247331,94.6302257392114,1.94213658852273,-5.42298343823765,2.19019198877144,0.492804794696663,0.257246976282693,4,"grid_cell_all_cells_OLS","bad","Bad hemisphere",4,2,32.7148721884742,55.7795906912008,23.0647185027266,100,25,21,1.06815005714085,1.69931122112038,0.5,"normal_LDG"
146.15,"Tithonian","Southern",-0.035244936106178,10.3319934071726,0.126927477939084,-0.284022792866782,0.213532920654427,0.788300682526268,0.00954610987903455,10,"grid_cell_all_cells_OLS","good","Southern",10,3,8.13449394833837,86.6306437505579,78.4961498022195,736,73.6,50,0.503894392854321,1.2101102401464,0,"normal_LDG"
152,"Kimmeridgian","Southern",-0.219301682449374,23.9832962970382,0.244221615693355,-0.697976049208351,0.259372684309603,0.388437963870714,0.068296840041182,13,"grid_cell_all_cells_OLS","good","Southern",13,3,2.46291899718278,84.0625449011338,81.599625903951,744,57.2307692307692,32,1.0743014920472,1.86999332474669,0.307692307692308,"normal_LDG"
158.15,"Oxfordian","Southern",-0.296141484728146,27.1276878370805,0.186044282994473,-0.660788279397313,0.0685053099410212,0.128843174203836,0.123394929481906,20,"grid_cell_all_cells_OLS","good","Southern",20,3,1.31882751906416e-09,79.8413809668568,79.841380965538,1824,91.2,73,1.004833498553,1.86999332474669,0.25,"normal_LDG"
163.4,"Callovian","Southern",-0.266041890624134,40.9355357724232,0.242630094302434,-0.741596875456905,0.209513094208637,0.285278992038945,0.0541517960843425,23,"grid_cell_all_cells_OLS","good","Southern",23,3,1.31882751906416e-09,78.1351410891036,78.1351410877848,4769,207.347826086957,60,0.92936371583095,1.87263865406259,0.130434782608696,"normal_LDG"
166.75,"Bathonian","Southern",-0.748580408763686,51.6768477162287,0.341628110439006,-1.41817150522414,-0.0789893123032354,0.0508603326783458,0.303860042071342,13,"grid_cell_all_cells_OLS","good","Southern",13,3,1.31882751906416e-09,77.2656926450727,77.2656926437539,1237,95.1538461538462,42,0.997507151319649,1.74914441524458,0.384615384615385,"normal_LDG"
169.55,"Bajocian","Southern",-0.469298884073958,34.1924034048067,0.12495124153645,-0.7142033174854,-0.224394450662517,0.00240057714262897,0.520409439739918,15,"grid_cell_all_cells_OLS","good","Southern",15,3,1.31882751906416e-09,75.5084172819517,75.5084172806329,684,45.6,22,0.902736239096864,1.82094288229026,0.0666666666666667,"normal_LDG"
172.8,"Aalenian","Southern",-0.18351856478552,22.6119852707806,0.511588830501725,-1.1862326725689,0.819195542997861,0.75413112543243,0.0604515034811235,4,"grid_cell_all_cells_OLS","good","Southern",4,3,12.0768987191065,75.5084172819517,63.4315185628452,128,32,24,0.788540453002368,1.30029733615399,0,"normal_LDG"
179.45,"Toarcian","Southern",-0.393931970464419,43.835571032318,0.177162113350312,-0.741169712631031,-0.046694228297808,0.0480644232382555,0.310096278725595,13,"grid_cell_all_cells_OLS","good","Southern",13,3,1.31882751906416e-09,77.9707827242962,77.9707827229774,849,65.3076923076923,38,0.777282059283312,1.74914441524458,0.153846153846154,"normal_LDG"
188.55,"Pliensbachian","Southern",-0.47652427590158,50.424715028582,0.336928665788436,-1.13690446084691,0.183855909043754,0.184943797616862,0.153865380503258,13,"grid_cell_all_cells_OLS","good","Southern",13,3,18.5556984167256,75.5084172819517,56.9527188652261,2132,164,45,0.454128044042137,1.13711082847679,0,"normal_LDG"
196.2,"Sinemurian","Southern",-0.154980068798748,23.7042226417244,0.170728447494926,-0.489607825888802,0.179647688291306,0.390530736545476,0.0933841630090067,10,"grid_cell_all_cells_OLS","good","Southern",10,3,1.71007893517854e-09,71.943585351903,71.9435853501929,1061,106.1,22.5,0.609148189037662,1.77677604360618,0.1,"normal_LDG"
200.45,"Hettangian","Southern",0.0478821491156648,15.9405078945508,0.198664900979315,-0.341501056803792,0.437265355035122,0.814940948322378,0.00641310461932205,11,"grid_cell_all_cells_OLS","good","Southern",11,3,2.06944946760352e-09,71.943585351903,71.9435853498335,447,40.6363636363636,35,0.652831370121549,1.22004543203781,0,"reverse_LDG"
203.55,"Rhaetian","Southern",-0.52214608520885,41.88115881969,0.234808136674771,-0.982370033091401,-0.0619221373263003,0.0503764769678776,0.330875545541338,12,"grid_cell_all_cells_OLS","good","Southern",12,3,3.65078715595982,69.1665314065685,65.5157442506087,1016,84.6666666666667,57,0.58675455633789,1.64706770017849,0.166666666666667,"normal_LDG"
216.5,"Norian","Southern",-0.446311092274401,39.6632133766898,0.304222557154556,-1.04258730429733,0.14996511974853,0.173092982590392,0.177107059581886,12,"grid_cell_all_cells_OLS","good","Southern",12,3,4.29521996549623,74.5914634087365,70.2962434432403,1164,97,82,0.742347968860835,1.86999332474669,0.166666666666667,"normal_LDG"
232.15,"Carnian","Southern",-0.111307934966387,9.88160403766281,0.0707870928731334,-0.250050636997729,0.0274347670649541,0.150300207261296,0.215518398279424,11,"grid_cell_all_cells_OLS","good","Southern",11,3,1.23588703475531e-09,74.5914634082874,74.5914634070515,314,28.5454545454545,20,1.06123084215858,1.89764777287877,0.272727272727273,"normal_LDG"
239.232,"Ladinian","Southern",-1.05225235973769,79.1801513991033,0.213742706454807,-1.47118806438912,-0.633316655086273,0.127579974407766,0.960373741455712,3,"grid_cell_all_cells_OLS","bad","Bad hemisphere",3,1,70.618448906107,73.6112703698807,2.99282146377369,421,140.333333333333,30,0.417073045920335,1.07019741830766,0,"normal_LDG"
244.082,"Anisian","Southern",-0.0606209075580676,9.9265100823401,0.0425702105065538,-0.144058520150913,0.0228167050347778,0.21373955968208,0.288543653208419,7,"grid_cell_all_cells_OLS","bad","Bad hemisphere",7,2,1.21489974046173e-09,74.6284046783259,74.628404677111,318,45.4285714285714,27,0.457854210279942,1.09257974431235,0,"normal_LDG"
248.3,"Olenekian","Southern",-0.451440428474326,38.1814979324663,0.246225301708892,-0.934042019823754,0.0311611628751015,0.0916455008136206,0.218827241693843,14,"grid_cell_all_cells_OLS","good","Southern",14,3,1.23588703475531e-09,56.8198672927213,56.8198672914854,1410,100.714285714286,73,0.728733116347796,1.94303350373989,0.0714285714285714,"normal_LDG"
250.901,"Induan","Southern",0.505549350005869,7.76250696162452,0.238109828841336,0.0388540854768514,0.972244614534887,0.0572535702974378,0.290683245327521,13,"grid_cell_all_cells_OLS","good","Southern",13,3,1.39009781833318e-09,54.1108365857735,54.1108365843834,626,48.1538461538462,24,0.530850956785408,1.35785296841904,0,"reverse_LDG"
253.021,"Changhsingian","Southern",0.241418339157299,20.5623880563643,0.215636099255949,-0.18122841538436,0.664065093698959,0.281740290872017,0.0821732140546808,16,"grid_cell_all_cells_OLS","good","Southern",16,3,1.39009781833318e-09,78.1351410875718,78.1351410861817,2679,167.4375,79.5,0.672841445061171,1.68718653862816,0.0625,"reverse_LDG"
256.825,"Wuchiapingian","Southern",-0.355158095949335,42.6502088057845,0.156207587937101,-0.661324968306053,-0.048991223592616,0.0308535230903948,0.155848174008843,30,"grid_cell_all_cells_OLS","good","Southern",30,3,1.39009781833318e-09,79.8413809657861,79.841380964396,7061,235.366666666667,54.5,0.716860811604915,1.9719315793372,0.133333333333333,"normal_LDG"
261.895,"Capitanian","Southern",-0.156566734397933,26.1065894257473,0.1742557032694,-0.498107912805956,0.184974444010091,0.383121438530296,0.0510702281216473,17,"grid_cell_all_cells_OLS","good","Southern",17,3,1.20452404818182,74.4337706464465,73.2292465982647,1947,114.529411764706,59,0.973768841039618,1.92666515849871,0.352941176470588,"normal_LDG"
265.59,"Wordian","Southern",-0.265409970842257,25.8683263712529,0.134321910424874,-0.52868091527501,-0.00213902640950359,0.0584641430732225,0.126334552039198,29,"grid_cell_all_cells_OLS","good","Southern",29,3,1.3588968967713,80.2978112503244,78.9389143535531,3363,115.965517241379,84,0.685711774894954,1.99208120514836,0.0344827586206897,"normal_LDG"
270.65,"Roadian","Southern",-0.0783041356451824,19.7209435500217,0.0966989919234175,-0.267834159815081,0.111225888524716,0.425420701822965,0.0245999891104206,28,"grid_cell_all_cells_OLS","good","Southern",28,3,4.26444585418062e-10,71.712256819287,71.7122568188606,1761,62.8928571428571,33,1.02186215647209,1.84963637102958,0.214285714285714,"normal_LDG"
278.85,"Kungurian","Southern",-0.129705931413261,25.9628723736218,0.141296058584517,-0.406646206238915,0.147234343412393,0.365099537151944,0.0241851119074215,36,"grid_cell_all_cells_OLS","good","Southern",36,3,5.29269097609198e-10,77.7317781764767,77.7317781759474,6206,172.388888888889,44.5,0.850277464582018,1.73811174392474,0.138888888888889,"normal_LDG"
286.7,"Artinskian","Southern",-0.170895720745079,27.4935315272944,0.109033997980227,-0.384602356786324,0.042810915296166,0.128263392574526,0.0806597285147567,30,"grid_cell_all_cells_OLS","good","Southern",30,3,7.06198034887955e-10,73.6605464112865,73.6605464105803,3464,115.466666666667,48.5,0.860890242386078,1.80419856749605,0.166666666666667,"normal_LDG"
291.81,"Sakmarian","Southern",-0.0735000517898535,32.4891989742457,0.160793812057958,-0.388655923423451,0.241655819843744,0.650501160079675,0.00610797032044929,36,"grid_cell_all_cells_OLS","good","Southern",36,3,5.29269097609198e-10,71.712256819287,71.7122568187577,3005,83.4722222222222,38,0.868686164397316,1.94801983411601,0.166666666666667,"normal_LDG"
296.21,"Asselian","Southern",-0.5350407217237,35.3673453714209,0.251741578245746,-1.02845421508536,-0.0416272283620376,0.049480241904701,0.220164301851447,18,"grid_cell_all_cells_OLS","good","Southern",18,3,5.29269097609198e-10,59.8661434865445,59.8661434860152,2512,139.555555555556,37,0.705640456851525,1.91117410789999,0.111111111111111,"normal_LDG"
301.3,"Gzhelian","Southern",-1.72821626625684,62.8500956850921,0.628083030578914,-2.95925900619151,-0.497173526322166,0.0249980943259249,0.486229459663329,10,"grid_cell_all_cells_OLS","good","Southern",10,2,5.29269097609198e-10,33.231069610202,33.2310696096727,3479,347.9,212,0.575759113864045,1.62169393176602,0.1,"normal_LDG"
305.35,"Kasimovian","Southern",0.857947771859691,46.3405105783338,4.32778991234283,-7.62452045633226,9.34041600005164,0.847801052335236,0.0048884495894357,10,"grid_cell_all_cells_OLS","bad","Bad hemisphere",10,1,4.45078593349047e-10,6.81375298961812,6.81375298917304,2016,201.6,193,0.636954154585373,1.46870314302087,0,"reverse_LDG"
311.1,"Moscovian","Southern",-0.595154526043153,34.7138646638606,0.312205579741767,-1.20707746233702,0.0167684102507105,0.0759562042206883,0.19501741165529,17,"grid_cell_all_cells_OLS","good","Southern",17,3,1.37445851663874,45.8181578990297,44.443699382391,2390,140.588235294118,119,0.803130749735441,1.84283321701468,0.117647058823529,"normal_LDG"
319.3,"Bashkirian","Southern",-0.383079510079784,45.6751271234224,0.269195134233191,-0.910701973176839,0.14454295301727,0.173926174545234,0.112348193589478,18,"grid_cell_all_cells_OLS","good","Southern",18,3,7.06198034887955e-10,58.586374795043,58.5863747943368,1480,82.2222222222222,52.5,0.761294412044149,1.86999332474669,0.111111111111111,"normal_LDG"
326.85,"Serpukhovian","Southern",-1.21549823118456,53.0583260778586,0.534870301876565,-2.26384402286263,-0.167152439506497,0.0348579908924544,0.213716190757835,21,"grid_cell_all_cells_OLS","good","Southern",21,3,9.86808779035494e-10,44.1848002753345,44.1848002743477,2382,113.428571428571,59,0.842858189442632,1.86999332474669,0.19047619047619,"normal_LDG"
338.5,"Visean","Southern",-0.566079661797054,37.4467455045025,0.420203338677662,-1.38967820560527,0.257518882011163,0.187392658447112,0.0536696655943038,34,"grid_cell_all_cells_OLS","good","Southern",34,3,9.86808779035494e-10,44.1848002753345,44.1848002743477,8670,255,63,0.725693009165344,1.69931122112038,0.0588235294117647,"normal_LDG"
352.78,"Tournaisian","Southern",0.10531717313243,17.3461254911284,0.284103872085284,-0.451526416154727,0.662160762419588,0.712724507369705,0.0032611904319348,44,"grid_cell_all_cells_OLS","good","Southern",44,3,7.98037637183853e-10,42.2539228660466,42.2539228652486,4194,95.3181818181818,49.5,0.905092833246913,1.80477064081416,0.136363636363636,"reverse_LDG"
365.505,"Famennian","Southern",-0.387735123736578,34.8269899496724,0.43786682929508,-1.24595410915494,0.47048386168178,0.382925041872189,0.0254717837523821,32,"grid_cell_all_cells_OLS","good","Southern",32,2,7.98037637183853e-10,37.2818799827458,37.2818799819478,3795,118.59375,50,0.702114910450498,1.74914441524458,0.03125,"normal_LDG"
377.23,"Frasnian","Southern",-0.109616755600258,30.512432818028,0.272492650890851,-0.643702351346326,0.424468840145811,0.689345495121737,0.00350559171856959,48,"grid_cell_all_cells_OLS","good","Southern",48,3,1.19734071333838e-09,46.4333983113072,46.4333983101099,5541,115.4375,49,0.806396774323703,1.93295611025087,0.0625,"normal_LDG"
385.13,"Givetian","Southern",-0.343015025935527,35.7693705782856,0.208313007893932,-0.751308521407634,0.0652784695365801,0.105441797140884,0.0478104845758673,56,"grid_cell_all_cells_OLS","good","Southern",56,3,1.22206669958688,84.062544901178,82.8404782015911,16407,292.982142857143,66.5,0.778928114874413,1.92427982961236,0.107142857142857,"normal_LDG"
390.71,"Eifelian","Southern",-0.0863915321372474,28.304491673863,0.194209280429555,-0.467041721779175,0.29425865750468,0.658896444136954,0.005048237895432,41,"grid_cell_all_cells_OLS","good","Southern",41,3,2.72275537587508,76.8063644639533,74.0836090880782,4223,103,53,0.774087546839128,1.69931122112038,0.0975609756097561,"normal_LDG"
402.045,"Emsian","Southern",-0.12715947039532,28.4675488580588,0.167040128420321,-0.454558122099148,0.200239181308509,0.450478181089421,0.0127141170071565,47,"grid_cell_all_cells_OLS","good","Southern",47,3,1.19734071333838e-09,82.3823402141744,82.3823402129771,4918,104.63829787234,60,0.896628843171034,1.84830506958156,0.127659574468085,"normal_LDG"
411.82,"Pragian","Southern",0.0386038676505095,15.2940157681399,0.303729315475117,-0.556705590680721,0.63391332598174,0.900669062771246,0.00115254885431316,16,"grid_cell_all_cells_OLS","good","Southern",16,3,1.17261870840206e-09,69.1206438115321,69.1206438103595,2204,137.75,77.5,0.851003532059721,1.74914441524458,0.125,"reverse_LDG"
416.32,"Lochkovian","Southern",-0.113475603230395,32.6764611022166,0.243081952843635,-0.589916230803919,0.36296502434313,0.644671197779347,0.0086415228531452,27,"grid_cell_all_cells_OLS","good","Southern",27,3,1.17261870840206e-09,68.4123550065614,68.4123550053888,3649,135.148148148148,65,0.952121097059333,1.86999332474669,0.222222222222222,"normal_LDG"
421.16,"Pridoli","Southern",0.018885203712631,18.8531373366593,0.242567558314459,-0.45654721058371,0.494317618008972,0.938716699159131,0.000302981642527133,22,"grid_cell_all_cells_OLS","good","Southern",22,3,1.16552878744289e-09,71.7122568205664,71.7122568194009,1436,65.2727272727273,33.5,0.986974470043224,1.71074799145206,0.136363636363636,"reverse_LDG"
423.85,"Ludfordian","Southern",-0.101983141937186,37.4281436949364,0.377043960843619,-0.840989305190679,0.637023021316308,0.790476630028586,0.00485365041112235,17,"grid_cell_all_cells_OLS","good","Southern",17,3,5.29269097609198e-10,60.3732247108539,60.3732247103246,2283,134.294117647059,41,1.17145236002817,1.96625280096417,0.352941176470588,"normal_LDG"
425.85,"Gorstian","Southern",0.448218098880677,12.6165319825444,0.855005279798852,-1.22759224952507,2.12402844728643,0.636386277851046,0.0839178505111816,5,"grid_cell_all_cells_OLS","good","Southern",5,3,3.96376763342432e-09,63.0271978027376,63.0271977987738,881,176.2,81,0.88956246365436,1.76148598138842,0.2,"reverse_LDG"
428.65,"Homerian","Southern",0.581259172648088,20.9753862823777,0.363944931411539,-0.132072892918528,1.2945912382147,0.127648076355045,0.124119655964211,20,"grid_cell_all_cells_OLS","good","Southern",20,3,1.16197979005772e-09,55.112276537669,55.112276536507,3980,199,109,1.15294610032568,1.99207602946384,0.3,"reverse_LDG"
431.75,"Sheinwoodian","Southern",-0.307066085248545,45.3296210726462,0.564106465508136,-1.41271475764449,0.798582587147401,0.603106479824759,0.0406105120295825,9,"grid_cell_all_cells_OLS","good","Southern",9,3,9.56570070169759,61.2123660389091,51.6466653372115,1905,211.666666666667,128,0.908223503340526,1.79290961655736,0.222222222222222,"normal_LDG"
435.75,"Telychian","Southern",0.136435438359368,23.8601302855403,0.582783598776856,-1.00582041524327,1.278691291962,0.816885202510715,0.00227844135149168,26,"grid_cell_all_cells_OLS","good","Southern",26,3,3.63561188230767,45.6719095023487,42.036297620041,4194,161.307692307692,69.5,0.830907182376754,1.63396961824568,0.115384615384615,"reverse_LDG"
439.55,"Aeronian","Southern",1.08996242840998,10.4056995350276,0.387343787182916,0.330768605531466,1.8491562512885,0.0259984034950579,0.530776439796874,9,"grid_cell_all_cells_OLS","good","Southern",9,3,6.05255156753039,62.5455861658269,56.4930345982965,1123,124.777777777778,88,0.747969550142298,1.88200117086128,0.111111111111111,"reverse_LDG"
441.8,"Rhuddanian","Southern",0.49085918143363,28.7238805677821,0.767436868798225,-1.01331708141089,1.99503544427815,0.530484172273574,0.0222226569987817,20,"grid_cell_all_cells_OLS","good","Southern",20,2,1.17261881768234e-09,36.4463222095602,36.4463222083876,2554,127.7,40,0.663598314331423,1.92666515849871,0.05,"reverse_LDG"
444.15,"Hirnantian","Southern",0.73233480743444,17.4821240098923,0.580845867909878,-0.406123093668921,1.8707927085378,0.221888733628654,0.0736295650349105,22,"grid_cell_all_cells_OLS","good","Southern",22,3,10.3465228703127,61.2123660389091,50.8658431685964,1651,75.0454545454545,49.5,0.991959028466444,1.96802968759513,0.181818181818182,"reverse_LDG"
449,"Katian","Southern",0.0324612649683767,20.6480694157653,0.127366088151614,-0.217176267808787,0.28209879774554,0.799543363352775,0.000889025315572744,75,"grid_cell_all_cells_OLS","good","Southern",75,3,1.16552613212646e-09,85.1626620248435,85.162662023678,18250,243.333333333333,77,0.826937094393283,1.76729894464104,0.12,"reverse_LDG"
455.5,"Sandbian","Southern",-0.163317412613793,35.0424800795392,0.205162812087072,-0.565436524304454,0.238801699076868,0.429629068494578,0.0120393762635473,54,"grid_cell_all_cells_OLS","good","Southern",54,3,1.20452405114051,74.5914634087365,73.386939357596,15188,281.259259259259,130.5,0.79526214514677,1.99131309066468,0.166666666666667,"normal_LDG"
463.8,"Darriwilian","Southern",0.0994803196514304,18.577138738487,0.104316936702691,-0.104980876285845,0.303941515588706,0.344440809843867,0.0162659601244964,57,"grid_cell_all_cells_OLS","good","Southern",57,3,1.16197979005772e-09,82.9884517635243,82.9884517623623,8927,156.614035087719,72,0.915219866101309,1.93295611025087,0.245614035087719,"reverse_LDG"
470.35,"Dapingian","Southern",-0.473996306428608,45.4477230539683,0.568800685435678,-1.58884564988254,0.640853037025322,0.426222685893683,0.071632041138882,11,"grid_cell_all_cells_OLS","good","Southern",11,2,4.83161937230004,39.588518285542,34.756898913242,1436,130.545454545455,38,0.700477079164496,1.46743534859077,0,"normal_LDG"
474.2,"Floian","Southern",0.406104575939012,7.8614504426391,0.172859182920925,0.0673005774139988,0.744908574464024,0.0251427919457526,0.147107603037187,34,"grid_cell_all_cells_OLS","good","Southern",34,3,1.3744585149722,80.5813782295566,79.2069197145844,2221,65.3235294117647,44.5,0.936719708751523,1.92666515849871,0.205882352941176,"reverse_LDG"
481.975,"Tremadocian","Southern",0.442021749542775,22.7374457447004,0.345497125302787,-0.235152616050687,1.11919611513624,0.215407724770391,0.0756493429966796,22,"grid_cell_all_cells_OLS","good","Southern",22,3,3.63561187781667,73.8495458966174,70.2139340188007,1418,64.4545454545455,47.5,0.84415631355535,1.98220135439224,0.136363636363636,"reverse_LDG"
