"bin_midpoint","stage","hemisphere","slope","intercept","slope_se","slope_lower_95","slope_upper_95","p_value","r_squared","n_cells_model","method","label","color","n_cells","n_valid_lat_bins","min_abs_lat","max_abs_lat","lat_range","sum_nT","mean_nT","median_nT","mean_t_over_nT","max_t_over_nT","prop_high_extrapolation","slope_direction"
0.00585,"Holocene","Northern",-1.05444177669881,78.6811623663275,0.284749893588627,-1.61255156813252,-0.496331985265101,0.00301892416504678,0.533301741449801,14,"grid_cell_all_cells_OLS","good","Northern",14,10,9.608984116,79.94533967,70.336355554,1057,75.5,42.5,0.842793373009884,1.934850555,0.214285714285714,"normal_LDG"
1.29585,"Pleistocene","Northern",-0.50605788555874,41.1744721438458,0.139442918289572,-0.779366005406301,-0.232749765711178,0.00057137989671324,0.172909860531496,65,"grid_cell_all_cells_OLS","good","Northern",65,16,2.42e-09,82.32650977,82.32650976758,17555,270.076923076923,93,0.818811681212152,1.9537450031746,0.153846153846154,"normal_LDG"
3.09,"Piacenzian","Northern",-0.658976976958327,55.767568680978,0.392593075541266,-1.42845940501921,0.110505451102555,0.107394681701189,0.113526741094796,24,"grid_cell_all_cells_OLS","good","Northern",24,10,9.64040354,64.68939682,55.04899328,6649,277.041666666667,166.5,0.894595444804805,1.98088569054054,0.166666666666667,"normal_LDG"
4.4665,"Zanclean","Northern",-0.470725796909823,42.1240101336093,0.21979390427462,-0.901521849288079,-0.0399297445315675,0.0383632588736678,0.10287241403496,42,"grid_cell_all_cells_OLS","good","Northern",42,15,1.204524046,66.94568801,65.741163964,7300,173.809523809524,94.5,0.859143697499428,1.66905428416667,0.0952380952380952,"normal_LDG"
6.2895,"Messinian","Northern",-1.30594321997651,82.8844957808113,0.680122739761361,-2.63898378990878,0.0270973499557574,0.0837870471369261,0.269380093632456,12,"grid_cell_all_cells_OLS","good","Northern",12,6,9.64040354,46.08968767,36.44928413,4083,340.25,105,0.827245349235165,1.749144415,0.25,"normal_LDG"
9.438,"Tortonian","Northern",-0.687321335438902,55.286128434391,0.215747607566629,-1.11018664626949,-0.26445602460831,0.00344122748126549,0.259242293045397,31,"grid_cell_all_cells_OLS","good","Northern",31,13,1.219167232,71.71225682,70.493089588,10098,325.741935483871,94,0.764237691767902,1.92666515866667,0.129032258064516,"normal_LDG"
12.725,"Serravallian","Northern",0.312210429887044,6.38197435144813,0.219896011882388,-0.118785753402437,0.743206613176525,0.164509506798897,0.0544593281037831,37,"grid_cell_all_cells_OLS","good","Northern",37,12,8.417314652,56.73585976,48.318545108,7994,216.054054054054,70,0.919927127353343,1.85189031086957,0.162162162162162,"reverse_LDG"
14.9,"Langhian","Northern",0.0213495058257128,26.7221991843037,0.659408753568942,-1.27109165116941,1.31379066282084,0.974598500962764,6.98786698764142e-05,17,"grid_cell_all_cells_OLS","good","Northern",17,8,10.83026067,52.58335897,41.7530983,2269,133.470588235294,75,0.949973919250148,1.71272657169811,0.235294117647059,"reverse_LDG"
18.215,"Burdigalian","Northern",0.0122946475205818,15.7354646501189,0.218398590349818,-0.415766589565061,0.440355884606225,0.955356386757082,7.04189273513562e-05,47,"grid_cell_all_cells_OLS","good","Northern",47,15,2.725738482,59.99392079,57.268182308,8929,189.978723404255,40,0.852697753273673,1.77677604357143,0.106382978723404,"reverse_LDG"
21.745,"Aquitanian","Northern",-0.6828571880194,49.0697907374499,0.77517439739488,-2.20219900691337,0.836484630874566,0.41226012904801,0.114521657038399,8,"grid_cell_all_cells_OLS","good","Northern",8,6,7.240276668,47.8962636,40.655986932,517,64.625,21,0.793476582240206,1.41437266833333,0,"normal_LDG"
25.17,"Chattian","Northern",0.188051220064263,23.0032642488324,0.386725296275971,-0.56993036063664,0.946032800765166,0.630563108104972,0.00837407775425175,30,"grid_cell_all_cells_OLS","good","Northern",30,11,7.240276668,62.36848467,55.128208002,3050,101.666666666667,102.5,0.935575404930413,1.92666515866667,0.166666666666667,"reverse_LDG"
30.6,"Rupelian","Northern",0.190570495342245,18.2558243312923,0.248951702537583,-0.297374841631417,0.678515832315908,0.44958821376222,0.0179825123674133,34,"grid_cell_all_cells_OLS","good","Northern",34,12,5.366891719,62.43585177,57.068960051,6689,196.735294117647,54,0.895743656286424,1.97934648763158,0.235294117647059,"reverse_LDG"
35.805,"Priabonian","Northern",0.277826824826009,11.1671463242107,0.272574924091708,-0.256420026393738,0.812073676045756,0.315274202196563,0.0296500892329928,36,"grid_cell_all_cells_OLS","good","Northern",36,11,4.070945924,50.63018432,46.559238396,4230,117.5,70,0.968539540482135,1.90131441323529,0.111111111111111,"reverse_LDG"
39.37,"Bartonian","Northern",-0.356100273953874,45.5378774917328,0.532622412330352,-1.40004020212136,0.687839654213616,0.508876092251526,0.0146811900259808,32,"grid_cell_all_cells_OLS","good","Northern",32,9,16.07518153,62.12641536,46.05123383,10055,314.21875,74.5,0.834629580453129,1.749144415,0.15625,"normal_LDG"
44.55,"Lutetian","Northern",0.425380199580838,2.97709089792897,0.266897948098201,-0.0977397786916364,0.948500177853312,0.121128770343721,0.0757353635193949,33,"grid_cell_all_cells_OLS","good","Northern",33,10,8.131051737,62.43585177,54.304800033,7361,223.060606060606,67,0.73216107799511,1.80817574380952,0.0909090909090909,"reverse_LDG"
52.035,"Ypresian","Northern",0.438820489985489,15.4169714720083,0.455547709873217,-0.454053021366016,1.33169400133699,0.345012637869196,0.0372237553349901,26,"grid_cell_all_cells_OLS","good","Northern",26,9,5.447282134,51.99328411,46.546001976,5364,206.307692307692,112,0.701830466941118,1.76764227468354,0.0384615384615385,"reverse_LDG"
57.62,"Thanetian","Northern",-0.130079038210427,35.560790384781,0.699576362734381,-1.50124870916981,1.24109063274896,0.855598116318418,0.00287285477996088,14,"grid_cell_all_cells_OLS","good","Northern",14,5,30.22505177,72.0740681,41.84901633,1913,136.642857142857,67,0.685923116629071,1.4715517396875,0,"normal_LDG"
60.45,"Selandian","Northern",1.0553877603463,22.825001762444,0.957084153510044,-0.820497180533387,2.93127270122599,0.385098227272638,0.378104190103252,4,"grid_cell_all_cells_OLS","good","Northern",4,4,33.9767838,61.7098756,27.7330918,1146,286.5,271.5,0.807599764003136,1.49842938591549,0,"reverse_LDG"
63.83,"Danian","Northern",-0.46382152706483,55.7423809750748,2.67012168315966,-5.69726002605777,4.76961697192811,0.865939232247691,0.00334151607165195,11,"grid_cell_all_cells_OLS","good","Northern",11,4,33.02985879,44.32775068,11.29789189,1952,177.454545454545,59,0.64451874014678,1.11339737758621,0,"normal_LDG"
69.1,"Maastrichtian","Northern",0.642469809582657,1.25754047696256,0.265058443564128,0.122955260196965,1.16198435896835,0.0196353314637646,0.120208083666408,45,"grid_cell_all_cells_OLS","good","Northern",45,13,4.739120661,56.24836738,51.509246719,15041,334.244444444444,65,0.681140802313973,1.8717747372,0.111111111111111,"reverse_LDG"
77.9,"Campanian","Northern",-0.00838346949091603,17.317699117081,0.142493431222111,-0.287670594686254,0.270903655704422,0.953264771663131,5.32502197278862e-05,67,"grid_cell_all_cells_OLS","good","Northern",67,15,2.514673825,78.07096538,75.556291555,6166,92.0298507462687,33,0.738905659893305,1.9531236037037,0.104477611940299,"normal_LDG"
84.65,"Santonian","Northern",-0.050417323984615,22.7644856477687,0.466427143987298,-0.96461452619972,0.86377987823049,0.91490201668997,0.000530809490201837,24,"grid_cell_all_cells_OLS","good","Northern",24,9,9.820804984,53.88599078,44.065185796,1096,45.6666666666667,24.5,0.602508684150158,1.60722901555556,0.0416666666666667,"normal_LDG"
87.75,"Coniacian","Northern",-0.354301281454387,26.3043620943889,0.204515434796025,-0.755151533654597,0.0465489707458224,0.097866945466217,0.125043326806014,23,"grid_cell_all_cells_OLS","good","Northern",23,9,11.95491105,54.46981084,42.51489979,539,23.4347826086957,13,0.651611460935927,1.6993112212,0.0434782608695652,"normal_LDG"
91.85,"Turonian","Northern",-0.0529161393384735,25.6818870983119,0.237338647204448,-0.518099887859191,0.412267609182244,0.824535699426943,0.00105653145460441,49,"grid_cell_all_cells_OLS","good","Northern",49,14,4.104899675,64.03361656,59.928716885,2577,52.5918367346939,19,0.817375426097385,1.86005035318182,0.122448979591837,"normal_LDG"
97.2,"Cenomanian","Northern",-0.37500659657326,36.7836451147991,0.25205417812123,-0.869032785690869,0.11901959254435,0.143343736795045,0.0440827883389091,50,"grid_cell_all_cells_OLS","good","Northern",50,15,6.15e-09,62.21416854,62.21416853385,4533,90.66,25,0.776143500732037,1.80824644810811,0.14,"normal_LDG"
106.85,"Albian","Northern",-0.334977094187336,34.1607073961928,0.233529833553485,-0.792695567952166,0.122741379577495,0.160590291479738,0.0570623362103792,36,"grid_cell_all_cells_OLS","good","Northern",36,15,1.320576367,79.94533967,78.624763303,2175,60.4166666666667,21,0.803017100255697,1.6993112212,0.166666666666667,"normal_LDG"
117.3,"Aptian","Northern",-0.170059269749823,32.1845462657579,0.402250819208265,-0.958470875398022,0.618352335898376,0.676567326948365,0.00805879292380371,24,"grid_cell_all_cells_OLS","good","Northern",24,13,7.265914649,70.82154197,63.555627321,1881,78.375,36.5,1.03457700900085,1.954963814,0.166666666666667,"normal_LDG"
123.585,"Barremian","Northern",-0.6202040383471,66.6669532625666,0.81818008518415,-2.22383700530803,0.983428928613835,0.470172116118199,0.0670126999124784,10,"grid_cell_all_cells_OLS","good","Northern",10,8,25.07091636,72.81388293,47.74296657,180,18,11.5,0.699139452168766,1.2091164624,0,"normal_LDG"
129.185,"Hauterivian","Northern",-1.44332111281242,90.4620572845609,0.857749151034769,-3.12450944884056,0.237867223215729,0.11628402181198,0.178848490329432,15,"grid_cell_all_cells_OLS","good","Northern",15,6,31.67335741,58.28252559,26.60916818,854,56.9333333333333,21,0.564953435707854,1.14251136181818,0,"normal_LDG"
134.825,"Valanginian","Northern",-0.377907102378971,53.7784750290649,0.34782407834774,-1.05964229594054,0.3038280911826,0.292428788938115,0.0649300869010223,19,"grid_cell_all_cells_OLS","good","Northern",19,8,31.67335741,79.84138097,48.16802356,958,50.4210526315789,24,0.851146133052507,1.6993112212,0.0526315789473684,"normal_LDG"
140.075,"Berriasian","Northern",0.271074957359225,17.927803942693,0.439852132671529,-0.591035222676973,1.13318513739542,0.544328752533015,0.0177648509745732,23,"grid_cell_all_cells_OLS","good","Northern",23,9,25.32134379,77.73177818,52.41043439,619,26.9130434782609,17,0.801979065501204,1.73081931714286,0.0869565217391304,"reverse_LDG"
146.15,"Tithonian","Northern",-0.391954039578601,45.8318515612986,0.40126739632277,-1.17843813637123,0.394530057214027,0.340946888369867,0.047815641181064,21,"grid_cell_all_cells_OLS","good","Northern",21,10,5.37796106,77.29099417,71.91303311,2430,115.714285714286,10,0.781026389270961,1.6993112212,0.0952380952380952,"normal_LDG"
152,"Kimmeridgian","Northern",-1.33420913676689,106.013728393966,0.85718471419805,-3.01429117659507,0.345872903061287,0.158201352354987,0.232444299352189,10,"grid_cell_all_cells_OLS","good","Northern",10,6,33.81714964,70.73372045,36.91657081,1666,166.6,49,0.92343410820296,1.96382282307692,0.3,"normal_LDG"
158.15,"Oxfordian","Northern",-0.26306014108946,32.1595358648729,0.301383458182439,-0.853771719127039,0.32765143694812,0.391770859863896,0.0320620262972899,25,"grid_cell_all_cells_OLS","good","Northern",25,10,5.02e-09,73.8495459,73.84954589498,3673,146.92,41,0.562788787027431,1.971219225,0.08,"normal_LDG"
163.4,"Callovian","Northern",-1.18614564168532,63.1755723534759,0.315027030133529,-1.80359862074703,-0.568692662623598,0.00106744295595974,0.391876654709327,24,"grid_cell_all_cells_OLS","good","Northern",24,10,5.02e-09,53.1478836,53.14788359498,2396,99.8333333333333,23,0.622313536551141,1.82094288210526,0.0416666666666667,"normal_LDG"
166.75,"Bathonian","Northern",-0.209509367715582,35.6238326441962,0.394513596325833,-0.982756016514215,0.563737281083051,0.600259702641584,0.0116144351768131,26,"grid_cell_all_cells_OLS","good","Northern",26,11,5.02e-09,53.1478836,53.14788359498,3255,125.192307692308,56,0.483472671320319,1.68514435181818,0.0384615384615385,"normal_LDG"
169.55,"Bajocian","Northern",-0.34132882849439,33.041483970001,0.345183880522888,-1.01788923431925,0.33523157733047,0.331524690332231,0.034948741705952,29,"grid_cell_all_cells_OLS","good","Northern",29,11,5.02e-09,67.89509959,67.89509958498,1545,53.2758620689655,21,0.690885482163538,1.86916465757576,0.0689655172413793,"normal_LDG"
172.8,"Aalenian","Northern",0.120268120798253,13.2171482229058,0.451138414610761,-0.763963171838838,1.00449941343534,0.792816352859221,0.00393276126063182,20,"grid_cell_all_cells_OLS","good","Northern",20,9,17.90842433,74.43377065,56.52534632,1128,56.4,33,0.599925129184016,1.91630236119403,0.1,"reverse_LDG"
179.45,"Toarcian","Northern",-0.174632114541366,29.6098534900927,0.26442365867719,-0.692902485548659,0.343638256465926,0.513184824784524,0.0119705742195217,38,"grid_cell_all_cells_OLS","good","Northern",38,11,5.02e-09,75.48801388,75.48801387498,5016,132,28,0.587582725916287,1.92666515866667,0.0789473684210526,"normal_LDG"
188.55,"Pliensbachian","Northern",0.0613560374107938,25.8516346655726,0.305980058649007,-0.53836487754126,0.661076952362847,0.842169751053599,0.00108556273375376,39,"grid_cell_all_cells_OLS","good","Northern",39,14,4.863490843,73.66054641,68.797055567,4996,128.102564102564,33,0.640999386849255,1.6993112212,0.102564102564103,"reverse_LDG"
196.2,"Sinemurian","Northern",-0.248798604657243,30.4577195980986,0.249849398832037,-0.738503426368036,0.24090621705355,0.328191304796063,0.0354251291635175,29,"grid_cell_all_cells_OLS","good","Northern",29,11,2.430801149,69.13842977,66.707628621,1350,46.551724137931,22,0.874549052826048,1.95700807730769,0.206896551724138,"normal_LDG"
200.45,"Hettangian","Northern",0.0832978527153532,15.498491284227,0.527988245843647,-0.951559109138195,1.1181548145689,0.876895166918683,0.00177467834610371,16,"grid_cell_all_cells_OLS","good","Northern",16,9,15.54626474,64.93572783,49.38946309,727,45.4375,29.5,0.842844848256472,1.84790677747748,0.1875,"reverse_LDG"
203.55,"Rhaetian","Northern",-0.364442504079045,46.1940466694082,0.403096263791222,-1.15451118110984,0.425626172951751,0.378572375225053,0.0458770938773153,19,"grid_cell_all_cells_OLS","good","Northern",19,8,15.54626474,73.66054641,58.11428167,1761,92.6842105263158,16,0.770241560498872,1.92666515866667,0.210526315789474,"normal_LDG"
216.5,"Norian","Northern",-0.0192117108329479,20.2841891831911,0.173012562276248,-0.358316332894393,0.319892911228498,0.912347781925066,0.000425005149262607,31,"grid_cell_all_cells_OLS","good","Northern",31,16,2.430801149,80.29781125,77.867010101,1462,47.1612903225806,30,0.862299482058298,1.98845886609756,0.161290322580645,"normal_LDG"
232.15,"Carnian","Northern",-0.203163697596193,19.4957872870257,0.173626116502443,-0.543470885940981,0.137143490748596,0.255707195530798,0.0640728668278472,22,"grid_cell_all_cells_OLS","good","Northern",22,11,7.032486491,86.63064375,79.598157259,2760,125.454545454545,25,0.824136363268125,1.80235311304348,0.181818181818182,"normal_LDG"
239.232,"Ladinian","Northern",-0.123610145106828,22.2645653446551,0.215187315297916,-0.545377283090743,0.298156992877087,0.572081687156789,0.0162307337271811,22,"grid_cell_all_cells_OLS","good","Northern",22,10,2.344650213,80.29781125,77.953161037,1207,54.8636363636364,30,0.782179502512324,1.9808446626506,0.0909090909090909,"normal_LDG"
244.082,"Anisian","Northern",-0.114354067704075,28.6771165152073,0.262946890202901,-0.62972997250176,0.40102183709361,0.668075727625567,0.00892594017556898,23,"grid_cell_all_cells_OLS","good","Northern",23,11,2.55e-09,65.09003016,65.09003015745,3287,142.913043478261,47,0.741935796846459,1.82856119805195,0.173913043478261,"normal_LDG"
248.3,"Olenekian","Northern",-0.0580124659787944,46.7071795580991,0.248276995159782,-0.544635376491966,0.428610444534378,0.817409293612284,0.00247554350883683,24,"grid_cell_all_cells_OLS","good","Northern",24,12,3.19e-09,66.14311223,66.14311222681,1299,54.125,20.5,0.65030652874391,1.60722901555556,0.0833333333333333,"normal_LDG"
250.901,"Induan","Northern",-0.117131145463895,37.9568488477382,0.187849390927367,-0.485315951681535,0.251053660753744,0.536862342315671,0.0106845805023887,38,"grid_cell_all_cells_OLS","good","Northern",38,12,6.15e-09,77.73177818,77.73177817385,3249,85.5,32,0.50968485512924,1.80946173833333,0.0526315789473684,"normal_LDG"
253.021,"Changhsingian","Northern",-0.479124653491555,39.4222428011925,0.252521427943685,-0.974066652261179,0.0158173452780686,0.0716161832265228,0.146340906122342,23,"grid_cell_all_cells_OLS","good","Northern",23,10,6.15e-09,78.13514109,78.13514108385,4285,186.304347826087,64,0.523885382460553,1.869993325,0.0434782608695652,"normal_LDG"
256.825,"Wuchiapingian","Northern",-0.607327685543621,43.6364911858739,0.23528041468813,-1.06847729833236,-0.146178072754886,0.0136150356069333,0.1427911410118,42,"grid_cell_all_cells_OLS","good","Northern",42,12,1.204524049,78.13514109,76.930617041,5092,121.238095238095,51.5,0.72346081286898,1.60924635,0.142857142857143,"normal_LDG"
261.895,"Capitanian","Northern",-0.356314489239989,37.718300601205,0.22491728609901,-0.797152369994048,0.0845233915140698,0.126237445758867,0.0946709057898774,26,"grid_cell_all_cells_OLS","good","Northern",26,13,2.703756804,75.94987466,73.246117856,2441,93.8846153846154,22.5,1.0048480054912,1.75219849541667,0.269230769230769,"normal_LDG"
265.59,"Wordian","Northern",-0.483767841193274,45.0230825739821,0.174823612853611,-0.82642212238635,-0.141113560000197,0.012697987657707,0.298444382753973,20,"grid_cell_all_cells_OLS","good","Northern",20,13,1.212552561,79.18997812,77.977425559,2298,114.9,31,0.798877435400827,1.87998413814815,0.05,"normal_LDG"
270.65,"Roadian","Northern",-0.480247102581487,34.1180065871979,0.150958247534307,-0.776125267748729,-0.184368937414245,0.00301495707216274,0.219441503606621,38,"grid_cell_all_cells_OLS","good","Northern",38,17,2.417243934,73.61127037,71.194026436,6391,168.184210526316,31,0.705480705897923,1.6993112212,0.105263157894737,"normal_LDG"
278.85,"Kungurian","Northern",-0.300693311541236,28.6864905743262,0.146309037589067,-0.587459025215807,-0.0139275978666648,0.0473826416817472,0.107685036675159,37,"grid_cell_all_cells_OLS","good","Northern",37,13,4.26e-10,70.73372045,70.733720449574,3229,87.2702702702703,37,0.797144410337877,1.95553023590909,0.162162162162162,"normal_LDG"
286.7,"Artinskian","Northern",-1.1032997102625,66.1442456459744,0.500251215294757,-2.08379209224022,-0.122807328284774,0.0399362880256009,0.203828059627332,21,"grid_cell_all_cells_OLS","good","Northern",21,8,1.358896896,41.5435043,40.184607404,1117,53.1904761904762,42,0.973501413846865,1.82252512785714,0.142857142857143,"normal_LDG"
291.81,"Sakmarian","Northern",-0.222049709011695,38.6009997889307,0.214536579581622,-0.642541404991675,0.198441986968284,0.31190326506809,0.0464329490743832,24,"grid_cell_all_cells_OLS","good","Northern",24,13,1.335343625,67.42522977,66.089886145,1270,52.9166666666667,22,0.976665542639976,1.95700807730769,0.25,"normal_LDG"
296.21,"Asselian","Northern",-0.316461884891625,31.7356579860846,0.318573944813105,-0.940866816725311,0.30794304694206,0.338660390153308,0.0705512042339755,15,"grid_cell_all_cells_OLS","good","Northern",15,8,11.19801743,64.8793186,53.68130117,481,32.0666666666667,15,0.943432215554846,1.748394932,0.2,"normal_LDG"
301.3,"Gzhelian","Northern",-0.763344905595725,43.6226331051776,0.242213323929868,-1.23808302049827,-0.288606790693184,0.0344629728063383,0.712895358051517,6,"grid_cell_all_cells_OLS","good","Northern",6,6,2.737148645,62.33227921,59.595130565,455,75.8333333333333,45.5,0.796840338219356,1.212647295625,0,"normal_LDG"
305.35,"Kasimovian","Northern",NA,NA,NA,NA,NA,NA,NA,2,"grid_cell_all_cells_OLS","bad","Bad hemisphere",2,2,29.07164723,36.91570949,7.84406226,13,6.5,6.5,0.61292585922619,0.798826980166667,0,NA
311.1,"Moscovian","Northern",-0.133398775483873,9.45931593910051,0.09522623387199,-0.320042193872973,0.0532446429052275,0.255775733767804,0.395455427571193,5,"grid_cell_all_cells_OLS","good","Northern",5,5,6.798150903,34.5127684,27.714617497,128,25.6,12,1.03598167621906,1.6993112212,0.2,"normal_LDG"
319.3,"Bashkirian","Northern",-0.525599834110303,46.9548133516265,0.456066201486258,-1.41948958902337,0.368289920802764,0.282402443000352,0.142382976692138,10,"grid_cell_all_cells_OLS","good","Northern",10,5,1.378811143,56.73585976,55.357048617,545,54.5,39,1.04591854171157,1.64138938485714,0.2,"normal_LDG"
326.85,"Serpukhovian","Northern",-1.48672145449183,42.2698093932997,1.06771703917564,-3.57944685127609,0.606003942292435,0.201273715089582,0.19507886289221,10,"grid_cell_all_cells_OLS","good","Northern",10,4,1.378811143,19.81215675,18.433345607,579,57.9,46,0.940892136163453,1.93295611,0.2,"normal_LDG"
338.5,"Visean","Northern",0.0852431146121072,4.49676627355095,0.302117893817355,-0.506907957269908,0.677394186494123,0.804344550312829,0.038281054992289,4,"grid_cell_all_cells_OLS","good","Northern",4,4,4.739120661,27.63160486,22.892484199,52,13,12,0.88441980603125,1.869993325,0.25,"reverse_LDG"
352.78,"Tournaisian","Northern",NA,NA,NA,NA,NA,NA,NA,2,"grid_cell_all_cells_OLS","bad","Bad hemisphere",2,2,2.74598459,9.453036864,6.707052274,283,141.5,141.5,0.559040567111515,0.94979359030303,0,NA
365.505,"Famennian","Northern",-0.439935159227471,13.4274906507802,0.900879076593786,-2.20565814935129,1.32578783089635,0.673603142973255,0.106534908276938,4,"grid_cell_all_cells_OLS","bad","Bad hemisphere",4,2,4.26e-10,15.90454383,15.904543829574,95,23.75,23.5,0.962517850516941,1.3531887,0,"normal_LDG"
377.23,"Frasnian","Northern",NA,NA,NA,NA,NA,NA,NA,2,"grid_cell_all_cells_OLS","bad","Bad hemisphere",2,2,7.141901984,31.7070933,24.565191316,176,88,88,0.520507106355666,0.616681246885246,0,NA
385.13,"Givetian","Northern",0.352567685696501,5.25909022081305,0.489524901273795,-0.606901120800136,1.31203649219314,0.602640591155212,0.341552042917146,3,"grid_cell_all_cells_OLS","good","Northern",3,3,8.42e-10,34.49732323,34.497323229158,89,29.6666666666667,25,1.05176342942355,1.60709445023256,0.333333333333333,"reverse_LDG"
390.71,"Eifelian","Northern",-15.7355855665114,43.5003506755797,24.1968591564315,-63.1614295131172,31.6902583800943,0.632927090383079,0.297214800063287,3,"grid_cell_all_cells_OLS","bad","Bad hemisphere",3,1,1.219167232,2.653054191,1.433886959,115,38.3333333333333,6,0.809297445159655,0.830238375145631,0,"normal_LDG"
402.045,"Emsian","Northern",-0.258806382279695,29.8098433861038,0.318619037521242,-0.883299695821329,0.36568693126194,0.437590337584419,0.068302843179564,11,"grid_cell_all_cells_OLS","good","Northern",11,6,1.25e-09,37.83486706,37.83486705875,971,88.2727272727273,53,0.876956882680504,1.77180579130435,0.0909090909090909,"normal_LDG"
411.82,"Pragian","Northern",1.07897907441925,13.6304235946978,1.0036565763758,-0.888187815277319,3.04614596411581,0.361119202626078,0.278104887682308,5,"grid_cell_all_cells_OLS","good","Northern",5,3,5.56e-10,6.743383021,6.743383020444,430,86,61,0.898654137659182,1.32102333726027,0,"reverse_LDG"
416.32,"Lochkovian","Northern",-0.972502227959835,28.208611872713,0.799606641093334,-2.53973124450277,0.594726788583099,0.254833554773666,0.141156239619294,11,"grid_cell_all_cells_OLS","good","Northern",11,5,5.56e-10,18.36362995,18.363629949444,518,47.0909090909091,37,0.913866289306236,1.87220779909091,0.181818181818182,"normal_LDG"
421.16,"Pridoli","Northern",1.56492184465142,15.7439398349089,5.86101172739407,-9.92266114104097,13.0525048303438,0.833894047483575,0.0665475862923253,3,"grid_cell_all_cells_OLS","bad","Bad hemisphere",3,2,4.687900699,9.450919534,4.763018835,131,43.6666666666667,37,0.890764105563063,1.08662394,0,"reverse_LDG"
423.85,"Ludfordian","Northern",NA,NA,NA,NA,NA,NA,NA,1,"grid_cell_all_cells_OLS","bad","Bad hemisphere",1,1,4.032750033,4.032750033,0,8,8,8,1.3531887,1.3531887,0,NA
425.85,"Gorstian","Northern",NA,NA,NA,NA,NA,NA,NA,1,"grid_cell_all_cells_OLS","bad","Bad hemisphere",1,1,2.402714384,2.402714384,0,37,37,37,1.48233357081081,1.48233357081081,0,NA
428.65,"Homerian","Northern",-0.277588043339459,29.2284887552686,0.685934344433985,-1.62201935843007,1.06684327175115,0.699740374923374,0.0265699009255955,8,"grid_cell_all_cells_OLS","good","Northern",8,6,2.34583737,35.4953297,33.14949233,600,75,63.5,0.858702471146775,1.72822710879121,0.125,"normal_LDG"
431.75,"Sheinwoodian","Northern",NA,NA,NA,NA,NA,NA,NA,1,"grid_cell_all_cells_OLS","bad","Bad hemisphere",1,1,5.389250307,5.389250307,0,308,308,308,0.355600709415584,0.355600709415584,0,NA
435.75,"Telychian","Northern",-0.13644385734155,22.7705593186524,0.692177749433075,-1.49311224623038,1.22022453154728,0.848111448120583,0.00429891816534653,11,"grid_cell_all_cells_OLS","good","Northern",11,8,2.725738484,35.92014927,33.194410786,497,45.1818181818182,25,1.14904791958813,1.82094288210526,0.363636363636364,"normal_LDG"
439.55,"Aeronian","Northern",6.46493586041357,-23.1871690363796,2.23745768618341,2.07951879549408,10.8503529253331,0.21211432035011,0.893033239201866,3,"grid_cell_all_cells_OLS","bad","Bad hemisphere",3,2,3.65224582,8.001772054,4.349526234,52,17.3333333333333,21,0.800068541948499,1.54943868428571,0.333333333333333,"reverse_LDG"
441.8,"Rhuddanian","Northern",0.039733817624174,36.742041257564,1.35802937124007,-2.62200375000637,2.70147138525471,0.978060084489843,0.000213968250560972,6,"grid_cell_all_cells_OLS","good","Northern",6,5,9.28e-10,33.22344509,33.223445089072,410,68.3333333333333,47,0.444991751342183,0.723508004117647,0,"reverse_LDG"
444.15,"Hirnantian","Northern",-0.486346032471155,33.7627025498706,0.785805687237317,-2.0265251794563,1.05383311451399,0.558723494389069,0.0600111398342,8,"grid_cell_all_cells_OLS","good","Northern",8,4,5.377961062,13.92412653,8.546165468,311,38.875,32.5,0.934348360353746,1.60160470090909,0.125,"normal_LDG"
449,"Katian","Northern",-0.239913279423211,21.9392038166693,0.443332623457124,-1.10884522139917,0.629018662552751,0.593836315198656,0.0131366172630149,24,"grid_cell_all_cells_OLS","good","Northern",24,8,1.25e-09,27.40789451,27.40789450875,1632,68,44,1.1306962918276,1.92666515866667,0.333333333333333,"normal_LDG"
455.5,"Sandbian","Northern",0.620098816617584,9.89464880681616,0.67993541277136,-0.712574592414282,1.95277222564945,0.377207440211726,0.05607824859232,16,"grid_cell_all_cells_OLS","good","Northern",16,6,2.725738484,16.46543653,13.739698046,924,57.75,37.5,1.02717792602845,1.869993325,0.25,"reverse_LDG"
463.8,"Darriwilian","Northern",-0.503189762922953,19.220239539472,0.507442914139998,-1.49777787463735,0.491398348791444,0.333230013997987,0.0468614012646223,22,"grid_cell_all_cells_OLS","good","Northern",22,7,2.42e-09,19.83993089,19.83993088758,1069,48.5909090909091,31,0.889028957187114,1.77677604357143,0.227272727272727,"normal_LDG"
470.35,"Dapingian","Northern",-2.46785580338944,99.7715406425241,1.34527992932976,-5.10460446487576,0.168892858096891,0.317730302804087,0.7709167861342,3,"grid_cell_all_cells_OLS","bad","Bad hemisphere",3,3,12.12391042,31.56517556,19.44126514,129,43,33,0.675471481615763,1.06493821393939,0,"normal_LDG"
474.2,"Floian","Northern",-0.456526317497994,29.046117859885,0.590263946592884,-1.61344365282005,0.700391017824058,0.449891218948889,0.0339915619267978,19,"grid_cell_all_cells_OLS","good","Northern",19,9,2.430801149,32.71487219,30.284071041,1213,63.8421052631579,43,0.802989954332768,1.82065793534884,0.157894736842105,"normal_LDG"
481.975,"Tremadocian","Northern",-0.227363673226552,33.6947241572341,0.611444626595343,-1.42579514135343,0.971067794900321,0.715574679918377,0.00977983703473524,16,"grid_cell_all_cells_OLS","good","Northern",16,7,1.38e-09,22.47357343,22.47357342862,712,44.5,33,0.912835191837523,1.6993112212,0.125,"normal_LDG"
0.00585,"Holocene","Southern",0.20979871687049,20.5848044273743,0.367335864458434,-0.51017957746804,0.92977701120902,0.598465533850163,0.0754002476452197,6,"grid_cell_all_cells_OLS","good","Southern",6,5,5.389250306,55.65550965,50.266259344,421,70.1666666666667,36.5,0.68823808413791,1.06890809891304,0,"reverse_LDG"
1.29585,"Pleistocene","Southern",-0.129165101747106,21.7511453756458,0.204398854875155,-0.52978685730241,0.271456653808198,0.535841252890272,0.0229509625274398,19,"grid_cell_all_cells_OLS","good","Southern",19,10,4.652406731,78.13514109,73.482734359,1956,102.947368421053,90,0.908776938038357,1.87134043203883,0.0526315789473684,"normal_LDG"
3.09,"Piacenzian","Southern",-0.794068256334304,39.0560556871568,0.295338470382614,-1.37293165828423,-0.215204854384382,0.0311455787683442,0.508045451685324,9,"grid_cell_all_cells_OLS","good","Southern",9,5,7.257987316,43.78271467,36.524727354,767,85.2222222222222,100,0.860732523275945,1.73081931714286,0.111111111111111,"normal_LDG"
4.4665,"Zanclean","Southern",-0.358114505417265,30.8059254775672,0.240312913091079,-0.82912781507578,0.112898804241249,0.179788808148439,0.240838428611431,9,"grid_cell_all_cells_OLS","good","Southern",9,8,7.268493841,64.93572784,57.667233999,927,103,78,0.859977973477462,1.68625906538462,0.111111111111111,"normal_LDG"
6.2895,"Messinian","Southern",NA,NA,NA,NA,NA,NA,NA,1,"grid_cell_all_cells_OLS","bad","Bad hemisphere",1,1,29.57796961,29.57796961,0,6,6,6,0.333329971,0.333329971,0,NA
9.438,"Tortonian","Southern",-0.473094508037847,43.1940919364905,0.656426834675313,-1.75969110400146,0.813502087925767,0.489382575774954,0.054564782218988,11,"grid_cell_all_cells_OLS","good","Southern",11,8,2.42e-09,46.44661908,46.44661907758,1020,92.7272727272727,21,1.23926116139116,1.869993325,0.181818181818182,"normal_LDG"
12.725,"Serravallian","Southern",-0.367411849854163,27.2858478067236,0.343904726464627,-1.04146511372483,0.306641414016505,0.316535198026395,0.124858552310948,10,"grid_cell_all_cells_OLS","good","Southern",10,6,2.417243936,48.48205597,46.064812034,891,89.1,82.5,0.887911335543554,1.57524418384615,0.2,"normal_LDG"
18.215,"Burdigalian","Southern",0.0434427462672339,16.9567580597748,0.169143255651377,-0.288078034809465,0.374963527343933,0.800384981953065,0.00386539852658137,19,"grid_cell_all_cells_OLS","good","Southern",19,7,1.363525139,62.35153207,60.988006931,2404,126.526315789474,108,0.919089151858013,1.59238944266667,0.210526315789474,"reverse_LDG"
21.745,"Aquitanian","Southern",NA,NA,NA,NA,NA,NA,NA,2,"grid_cell_all_cells_OLS","bad","Bad hemisphere",2,1,44.32775068,44.86394344,0.536192759999999,193,96.5,96.5,0.371500360288444,0.672223029416667,0,NA
25.17,"Chattian","Southern",0.698685770755304,-2.88909399253815,0.385867311051775,-0.0576141589061739,1.45498570041678,0.167874865123303,0.522186121596458,5,"grid_cell_all_cells_OLS","good","Southern",5,4,2.417243936,52.7418821,50.324638164,444,88.8,32,1.01159560139788,1.7684848140625,0.2,"reverse_LDG"
30.6,"Rupelian","Southern",0.180887530698557,3.73847190381292,0.108372860391996,-0.0315232756697539,0.393298337066869,0.19368541503142,0.481504255360324,5,"grid_cell_all_cells_OLS","good","Southern",5,3,15.43563567,52.47602712,37.04039145,192,38.4,35,0.774520600803,1.11907096230769,0,"reverse_LDG"
35.805,"Priabonian","Southern",0.183114039980955,7.55373891545013,0.509256166307393,-0.815028045981536,1.18125612594344,0.726644745738719,0.0127641417209221,12,"grid_cell_all_cells_OLS","good","Southern",12,6,15.43563567,64.93572784,49.50009217,817,68.0833333333333,45,1.01876388897288,1.70090374769231,0.166666666666667,"reverse_LDG"
39.37,"Bartonian","Southern",-1.23449358166697,81.8994987183256,0.529144746934366,-2.27161728565833,-0.197369877675614,0.101869097629898,0.644670978484216,5,"grid_cell_all_cells_OLS","good","Southern",5,4,8.459350748,56.83208278,48.372732032,595,119,23,0.877109546049955,1.49314503472222,0,"normal_LDG"
44.55,"Lutetian","Southern",-0.316009552625877,21.8976748140395,0.316978644024081,-0.937287694913077,0.305268589661322,0.375215538997101,0.199021972779668,6,"grid_cell_all_cells_OLS","good","Southern",6,5,4.29e-09,52.18073129,52.18073128571,687,114.5,62,0.705896903922798,1.21001823127273,0,"normal_LDG"
52.035,"Ypresian","Southern",0.346943620176871,7.46611761108639,0.144113533088405,0.0644810953235966,0.629406145030146,0.0610573860357911,0.536854000352481,7,"grid_cell_all_cells_OLS","bad","Bad hemisphere",7,4,1.51e-09,64.03361657,64.03361656849,555,79.2857142857143,45,0.967614735135053,1.71174639166667,0.142857142857143,"reverse_LDG"
57.62,"Thanetian","Southern",0.759683189297054,3.89114049161964,0.366341389726899,0.041654065432332,1.47771231316178,0.286052450646961,0.811329425398502,3,"grid_cell_all_cells_OLS","bad","Bad hemisphere",3,2,5.423991198,60.37322471,54.949233512,192,64,71,1.18461084197818,1.73081931714286,0.333333333333333,"reverse_LDG"
63.83,"Danian","Southern",0.144764328468594,21.4604699429209,0.843512012250422,-1.50851921554223,1.79804787247942,0.86937749687076,0.00488497796184557,8,"grid_cell_all_cells_OLS","good","Southern",8,6,28.11693699,64.03361657,35.91667958,1123,140.375,62.5,0.767608653945941,1.92666515866667,0.25,"reverse_LDG"
69.1,"Maastrichtian","Southern",0.638246738080774,-13.2639109752735,0.314903308427828,0.0210362535622319,1.25545722259932,0.0890573439421632,0.406406501038431,8,"grid_cell_all_cells_OLS","good","Southern",8,6,30.41926784,62.21416855,31.79490071,1255,156.875,141,0.379996119000785,0.869160171428571,0,"reverse_LDG"
77.9,"Campanian","Southern",0.141251525933406,5.52539342806691,0.103962899793081,-0.0625157576610334,0.345018809527846,0.211317469040654,0.18748654349918,10,"grid_cell_all_cells_OLS","good","Southern",10,6,1.335343626,62.21416855,60.878824924,218,21.8,20,0.819339569883169,1.28746112137931,0,"reverse_LDG"
84.65,"Santonian","Southern",-0.350452535382989,53.0161473497764,0.751976383277733,-1.82432624660735,1.12342117584137,0.72236118250743,0.178439014904887,3,"grid_cell_all_cells_OLS","bad","Bad hemisphere",3,2,18.75322031,62.43585177,43.68263146,408,136,88,0.636805219640533,1.65283964590909,0.333333333333333,"normal_LDG"
87.75,"Coniacian","Southern",-0.84883675662767,63.6355863211691,0.788489080230347,-2.39427535387915,0.696601840623809,0.394298662394625,0.366874110376941,4,"grid_cell_all_cells_OLS","bad","Bad hemisphere",4,3,9.512625916,67.51421302,58.001587104,144,36,13,0.925494750227848,1.6993112212,0.25,"normal_LDG"
91.85,"Turonian","Southern",-0.701745731148846,55.0081581631484,0.477301287376904,-1.63725625440758,0.233764792109886,0.184961051008559,0.235940911703219,9,"grid_cell_all_cells_OLS","good","Southern",9,6,4.699297745,69.15870367,64.459405925,688,76.4444444444444,53,0.974146671457603,1.76247951391304,0.222222222222222,"normal_LDG"
97.2,"Cenomanian","Southern",-0.183570526790997,27.5378512108495,0.338441404872775,-0.846915680341635,0.479774626759641,0.616348578453469,0.0685104655426175,6,"grid_cell_all_cells_OLS","good","Southern",6,6,7.058615339,67.8950996,60.836484261,305,50.8333333333333,33,0.741561545481871,1.793654736,0.166666666666667,"normal_LDG"
106.85,"Albian","Southern",-0.0468232867221092,18.1542752886467,0.180010865297277,-0.399644582704773,0.305998009260554,0.797900323874352,0.00396417110162389,19,"grid_cell_all_cells_OLS","good","Southern",19,11,1.378811145,78.13514109,76.756329945,869,45.7368421052632,15,0.801130585856326,1.8267792325,0.0526315789473684,"normal_LDG"
117.3,"Aptian","Southern",0.00578557652941063,8.51392115430123,0.0777998058290464,-0.14670204289552,0.158273195954342,0.943137348492606,0.000920841551857825,8,"grid_cell_all_cells_OLS","good","Southern",8,7,8.095024433,80.06868165,71.973657217,313,39.125,20.5,0.70039082340162,1.57524418384615,0.125,"reverse_LDG"
123.585,"Barremian","Southern",-1.76110083573614,106.01255165706,0.815596721737773,-3.35967041034217,-0.162531261130103,0.276107588881046,0.823399109355112,3,"grid_cell_all_cells_OLS","bad","Bad hemisphere",3,3,28.98217984,44.31990608,15.33772624,56,18.6666666666667,15,0.830523276663736,1.50595327307692,0.333333333333333,"normal_LDG"
129.185,"Hauterivian","Southern",-6.06685374588684,260.479611649993,7.44750533211883,-20.6639641968397,8.53025670506607,0.500864659331931,0.249136088303829,4,"grid_cell_all_cells_OLS","good","Southern",4,3,28.98217984,36.88694161,7.90476177,242,60.5,41,0.750879615219281,1.12965687974359,0,"normal_LDG"
134.825,"Valanginian","Southern",0.432650247634109,10.4605363076985,0.462196379565608,-0.473254656314483,1.3385551515827,0.392207275175488,0.149115106687148,7,"grid_cell_all_cells_OLS","good","Southern",7,5,4.992688352,43.80108373,38.808395378,129,18.4285714285714,19,0.911436736402715,1.6993112212,0.142857142857143,"reverse_LDG"
146.15,"Tithonian","Southern",-0.942321837787297,78.2742546385851,0.713905211358152,-2.34157605204927,0.456932376474682,0.278531859749738,0.367392608379298,5,"grid_cell_all_cells_OLS","bad","Bad hemisphere",5,4,29.57796961,86.63064375,57.05267414,290,58,23,0.404557328028459,0.798826980166667,0,"normal_LDG"
152,"Kimmeridgian","Southern",-0.355446726310648,46.0247002127912,0.323787657517005,-0.990070535043978,0.279177082422682,0.314391692144458,0.167258249248182,8,"grid_cell_all_cells_OLS","good","Southern",8,7,2.462918991,84.0625449,81.599625909,496,62,25,1.16076808752452,1.798438878125,0.375,"normal_LDG"
158.15,"Oxfordian","Southern",-0.233231206580254,38.2463992161022,0.182698837839747,-0.591320928746158,0.124858515585651,0.224081207166894,0.111395330709241,15,"grid_cell_all_cells_OLS","good","Southern",15,7,2.440517044,79.84138096,77.400863916,1229,81.9333333333333,73,0.928735852415624,1.8642929325,0.0666666666666667,"normal_LDG"
163.4,"Callovian","Southern",-0.0691146000621318,44.9582777695859,0.273803643210555,-0.605769740754819,0.467540540630556,0.804660515110992,0.0048774672430664,15,"grid_cell_all_cells_OLS","good","Southern",15,8,2.440517044,78.13514108,75.694624036,3164,210.933333333333,78,0.967365201130847,1.8267792325,0.333333333333333,"normal_LDG"
166.75,"Bathonian","Southern",-0.404194757165391,49.0171274416863,0.299833991995809,-0.991869381477178,0.183479867146395,0.20738045494605,0.153780912941939,12,"grid_cell_all_cells_OLS","good","Southern",12,6,2.440517044,77.97078272,75.530265676,654,54.5,32,1.17113063318076,1.87220779909091,0.5,"normal_LDG"
169.55,"Bajocian","Southern",-0.54222907999202,47.4117350560491,0.195598975804684,-0.9256030725692,-0.15885508741484,0.0242162960254205,0.489951991308355,10,"grid_cell_all_cells_OLS","good","Southern",10,8,2.440517044,75.50841728,73.067900236,410,41,31.5,0.913136383644281,1.82094288210526,0.1,"normal_LDG"
172.8,"Aalenian","Southern",NA,NA,NA,NA,NA,NA,NA,2,"grid_cell_all_cells_OLS","bad","Bad hemisphere",2,2,26.27373033,33.72210227,7.44837194,153,76.5,76.5,0.324023432279843,0.413123755273973,0,NA
179.45,"Toarcian","Southern",-0.537346350343989,55.8425480043031,0.278841196209146,-1.08387509491391,0.00918239422593647,0.0828350218455964,0.270796695649156,12,"grid_cell_all_cells_OLS","good","Southern",12,9,2.462918991,75.94987466,73.486955669,964,80.3333333333333,37,0.732988190759262,1.6993112212,0.166666666666667,"normal_LDG"
188.55,"Pliensbachian","Southern",-0.78730234108092,63.5493440768336,0.3254741935909,-1.42523176051909,-0.149372921642756,0.0601961307274895,0.539224342495113,7,"grid_cell_all_cells_OLS","good","Southern",7,6,28.84871237,75.50841728,46.65970491,1642,234.571428571429,95,0.240341967067217,0.542573602,0,"normal_LDG"
196.2,"Sinemurian","Southern",-0.323074454924002,46.0691842893809,0.420834688834842,-1.14791044504029,0.50176153519229,0.462330995641514,0.0614599867251188,11,"grid_cell_all_cells_OLS","good","Southern",11,8,1.71e-09,72.96308819,72.96308818829,1029,93.5454545454545,29,0.783226431154378,1.94726228676471,0.181818181818182,"normal_LDG"
200.45,"Hettangian","Southern",0.00125075244700757,7.04325404882197,0.0862897235965213,-0.167877105802174,0.170378610696189,0.989129374406286,5.25220616057381e-05,6,"grid_cell_all_cells_OLS","good","Southern",6,6,2.07e-09,71.94358535,71.94358534793,169,28.1666666666667,30,0.640287225772253,1.18768673457143,0,"reverse_LDG"
203.55,"Rhaetian","Southern",-1.08111316388111,82.642824351884,0.324221376107471,-1.71658706105175,-0.445639266710466,0.015718810331913,0.64950872125831,8,"grid_cell_all_cells_OLS","bad","Bad hemisphere",8,6,8.348916947,69.1665314,60.817614453,931,116.375,132.5,0.404747319415443,1.17980258105263,0,"normal_LDG"
216.5,"Norian","Southern",-0.384806189410937,35.7495463734862,0.213360700226539,-0.802993161854954,0.0333807830330804,0.0945156983885233,0.200137041105687,15,"grid_cell_all_cells_OLS","good","Southern",15,10,2.07e-09,74.5914634,74.59146339793,983,65.5333333333333,67,0.638609440099386,1.99859237030303,0.133333333333333,"normal_LDG"
232.15,"Carnian","Southern",0.320730689128123,-6.68232945393173,0.240830855650826,-0.151297787947495,0.792759166203742,0.314432534763976,0.470002749390147,4,"grid_cell_all_cells_OLS","bad","Bad hemisphere",4,4,19.4373325,74.5914634,55.1541309,141,35.25,36.5,0.634260409405333,1.46142172037736,0,"reverse_LDG"
239.232,"Ladinian","Southern",-0.15481970470277,14.6605267614932,0.0473242039077308,-0.247575144361922,-0.0620642650436173,0.0307465716107265,0.727937698812726,6,"grid_cell_all_cells_OLS","bad","Bad hemisphere",6,3,11.48148997,73.61127037,62.1297804,423,70.5,63,0.49077437282151,1.53596485461538,0.166666666666667,"normal_LDG"
244.082,"Anisian","Southern",-0.529424199332035,39.0645853930917,0.128027202794569,-0.780357516809391,-0.27849088185468,0.00903870780991362,0.773758458662604,7,"grid_cell_all_cells_OLS","good","Southern",7,5,13.41584964,74.62840468,61.21255504,270,38.5714285714286,25,0.655562957715378,1.30779448086207,0,"normal_LDG"
248.3,"Olenekian","Southern",0.0897245470046168,24.0134361720051,0.246592939925554,-0.393597615249468,0.573046709258702,0.750829210452164,0.0620860823638918,4,"grid_cell_all_cells_OLS","bad","Bad hemisphere",4,3,5.45572464,50.52122727,45.06550263,50,12.5,12.5,0.659935515770833,0.887955447692308,0,"reverse_LDG"
250.901,"Induan","Southern",0.369216312291588,4.74631358710821,0.259280365908238,-0.138973204888557,0.877405829471734,0.197458260495886,0.224616242556086,9,"grid_cell_all_cells_OLS","good","Southern",9,8,2.653054193,53.1478836,50.494829407,199,22.1111111111111,20,0.543756661866264,1.08662394,0,"reverse_LDG"
253.021,"Changhsingian","Southern",0.394966145385596,17.7555543632819,0.23920433674192,-0.0738743546285665,0.863806645399759,0.137309869545744,0.25417315034495,10,"grid_cell_all_cells_OLS","good","Southern",10,8,1.76e-09,75.94987466,75.94987465824,1484,148.4,70,0.570332047133106,1.20504321972973,0,"reverse_LDG"
256.825,"Wuchiapingian","Southern",-0.14234743277276,32.8513464745669,0.157770581754666,-0.451577773011905,0.166882907466385,0.374114999975291,0.0264179152885816,32,"grid_cell_all_cells_OLS","good","Southern",32,13,2.402714379,79.84138096,77.438666581,6390,199.6875,31,0.772285714822069,1.9719315792,0.125,"normal_LDG"
261.895,"Capitanian","Southern",-0.0223464378823508,22.5735378982793,0.230156411690188,-0.47345300479512,0.428760129030418,0.924255806871244,0.000784961161305408,14,"grid_cell_all_cells_OLS","good","Southern",14,11,4.295219965,74.43377065,70.138550685,1060,75.7142857142857,52,0.801217241061525,1.73081931714286,0.142857142857143,"normal_LDG"
265.59,"Wordian","Southern",-0.277322553212687,35.6579682457858,0.144373658170233,-0.560294923226343,0.00564981680096971,0.0662230116789422,0.128608008637097,27,"grid_cell_all_cells_OLS","good","Southern",27,13,4.739120655,80.29781125,75.558690595,2414,89.4074074074074,62,0.646704561073445,1.669623058,0.037037037037037,"normal_LDG"
270.65,"Roadian","Southern",-0.196918022263011,27.7220198189337,0.130218553031683,-0.452146386205109,0.0583103416790876,0.14693534071112,0.107427418799489,21,"grid_cell_all_cells_OLS","good","Southern",21,10,6.16e-10,71.71225682,71.712256819384,1381,65.7619047619048,38,0.973967983293503,1.80168540425532,0.142857142857143,"normal_LDG"
278.85,"Kungurian","Southern",-0.224298077458283,29.4197978558455,0.153377426127596,-0.524917832668371,0.0763216777518055,0.158439042700376,0.0924253827432752,23,"grid_cell_all_cells_OLS","good","Southern",23,12,6.16e-10,77.73177818,77.731778179384,4849,210.826086956522,39,0.769132523940876,1.869993325,0.130434782608696,"normal_LDG"
286.7,"Artinskian","Southern",-0.086497805125185,28.4624773333028,0.169670061994652,-0.419051126634702,0.246055516384332,0.615507706145565,0.0122247109840255,23,"grid_cell_all_cells_OLS","good","Southern",23,10,1.348106583,73.66054641,72.312439827,2863,124.478260869565,55,0.620180276810873,1.68330702272727,0.0869565217391304,"normal_LDG"
291.81,"Sakmarian","Southern",-0.202167508552914,49.0094560357812,0.224827370773564,-0.642829155269099,0.238494138163271,0.376489628716609,0.0290767258846501,29,"grid_cell_all_cells_OLS","good","Southern",29,11,5.29e-10,71.71225682,71.712256819471,2181,75.2068965517241,40,0.734531154547253,1.80583103558824,0.172413793103448,"normal_LDG"
296.21,"Asselian","Southern",-0.759339261041558,52.8343963117938,0.350145130620835,-1.4456237170584,-0.0730548050247211,0.0465968351414108,0.23869484503135,17,"grid_cell_all_cells_OLS","good","Southern",17,9,5.29e-10,59.99392079,59.993920789471,2182,128.352941176471,40,0.630482797137974,1.911174108125,0.0588235294117647,"normal_LDG"
301.3,"Gzhelian","Southern",-1.24767680295771,46.858846954574,0.87575099091083,-2.96414874514294,0.468795139227516,0.197266458780371,0.224784890394998,9,"grid_cell_all_cells_OLS","good","Southern",9,4,7.06e-10,33.23106961,33.231069609294,2566,285.111111111111,117,0.595464978583357,1.86813544421053,0.111111111111111,"normal_LDG"
305.35,"Kasimovian","Southern",4.19418936200921,45.8763912557433,3.4588877044773,-2.5852305387663,10.9736092627847,0.259879377139457,0.155258983552678,10,"grid_cell_all_cells_OLS","good","Southern",10,3,4.45e-10,6.813752997,6.813752996555,1728,172.8,153,0.472750318906781,1.11371500066667,0,"reverse_LDG"
311.1,"Moscovian","Southern",-0.58538107325298,32.6929650974742,0.345424086777852,-1.26241228333757,0.0916501368316102,0.109508603826675,0.152179468772222,18,"grid_cell_all_cells_OLS","good","Southern",18,7,7.06e-10,45.8181579,45.818157899294,2147,119.277777777778,95.5,0.753831704925614,1.84283321709677,0.0555555555555556,"normal_LDG"
319.3,"Bashkirian","Southern",-0.270945881164895,36.9307584101738,0.24240803384069,-0.746065627492646,0.204173865162857,0.287501008161165,0.101990418540465,13,"grid_cell_all_cells_OLS","good","Southern",13,7,2.2e-09,63.2969896,63.2969895978,706,54.3076923076923,47,0.824410413982355,1.869993325,0.0769230769230769,"normal_LDG"
326.85,"Serpukhovian","Southern",-0.677558626553376,51.1573778212071,0.901641580261842,-2.44477612386659,1.08965887075983,0.46685138660807,0.0449441743904441,14,"grid_cell_all_cells_OLS","good","Southern",14,6,2.355331357,44.18480028,41.829468923,1583,113.071428571429,87,0.682934678405825,1.53007770829268,0.0714285714285714,"normal_LDG"
338.5,"Visean","Southern",-0.465580607225905,38.0942878101643,0.479647690948699,-1.40569008148536,0.474528867033544,0.342759796203768,0.0429402724521727,23,"grid_cell_all_cells_OLS","good","Southern",23,9,9.87e-10,44.18480028,44.184800279013,5316,231.130434782609,56,0.694249483945544,1.59851720684211,0.0434782608695652,"normal_LDG"
352.78,"Tournaisian","Southern",0.0528898036101004,23.9258257501696,0.327154352488536,-0.58833272726743,0.69411233448763,0.872554486247786,0.000791372107562253,35,"grid_cell_all_cells_OLS","good","Southern",35,12,7.98e-10,49.07171152,49.071711519202,2728,77.9428571428571,48,0.792006789895096,1.8290267928,0.0571428571428571,"reverse_LDG"
365.505,"Famennian","Southern",-0.276712925167668,26.2717655931093,0.34894845453878,-0.960651896063677,0.407226045728341,0.434010192201393,0.0205307994961729,32,"grid_cell_all_cells_OLS","good","Southern",32,11,1.204524048,40.11980054,38.915276492,2569,80.28125,34.5,0.71738623620234,1.6993112212,0.0625,"normal_LDG"
377.23,"Frasnian","Southern",0.232229016323886,35.4639570275285,0.419058838478218,-0.58912630709342,1.05358433974119,0.582798029521996,0.00823173608651896,39,"grid_cell_all_cells_OLS","good","Southern",39,11,1.218463809,46.43339831,45.214934501,4476,114.769230769231,43,0.726269940147235,1.954963814,0.128205128205128,"reverse_LDG"
385.13,"Givetian","Southern",-0.0666382634662438,18.7280164895089,0.147368517488682,-0.35548055774406,0.222204030811572,0.653305912332985,0.00452331147141191,47,"grid_cell_all_cells_OLS","good","Southern",47,14,1.2220667,84.0625449,82.8404782,12027,255.893617021277,46,0.786398600070524,1.73081931714286,0.127659574468085,"normal_LDG"
390.71,"Eifelian","Southern",0.064526322118965,26.6102458180795,0.266598078661204,-0.458005912056994,0.587058556294924,0.810206278119553,0.00172001897631951,36,"grid_cell_all_cells_OLS","good","Southern",36,13,2.722755376,68.86017193,66.137416554,4154,115.388888888889,45,0.727974400059803,1.86611853466667,0.0833333333333333,"reverse_LDG"
402.045,"Emsian","Southern",-0.286487823806264,41.1649867101986,0.178550068436383,-0.636445957941574,0.0634703103290457,0.115443310642149,0.0530009907479981,48,"grid_cell_all_cells_OLS","good","Southern",48,17,3.6e-09,82.38234022,82.3823402164,3576,74.5,51,0.891847667364759,1.954963814,0.145833333333333,"normal_LDG"
411.82,"Pragian","Southern",0.114777793106184,14.7219399309902,0.355890098282634,-0.582766799527779,0.812322385740146,0.75219508267872,0.0079374251714828,15,"grid_cell_all_cells_OLS","good","Southern",15,11,7.265914649,62.43585177,55.169937121,1743,116.2,65,0.931142742585645,1.87441684142857,0.2,"reverse_LDG"
416.32,"Lochkovian","Southern",0.100984042473756,31.8711493815993,0.258449896506423,-0.405577754678833,0.607545839626344,0.699306917047486,0.00606972047460856,27,"grid_cell_all_cells_OLS","good","Southern",27,10,1.335343625,62.33227921,60.996935585,2837,105.074074074074,64,0.9267565266596,1.82094288210526,0.222222222222222,"reverse_LDG"
421.16,"Pridoli","Southern",-0.0705667006618832,33.3759171002988,0.267670339311419,-0.595200565712264,0.454067164388498,0.795057238159674,0.00384638662345623,20,"grid_cell_all_cells_OLS","good","Southern",20,12,1.27e-10,66.92879738,66.928797379873,1130,56.5,30,0.99260259703193,1.869993325,0.15,"normal_LDG"
423.85,"Ludfordian","Southern",0.434977019813118,33.2594810263675,0.528297866572642,-0.60048679866926,1.4704408382955,0.437453511216807,0.0882940915345633,9,"grid_cell_all_cells_OLS","good","Southern",9,7,3.96e-09,55.77959069,55.77959068604,1348,149.777777777778,52,0.972227374680483,1.65567698711538,0.111111111111111,"reverse_LDG"
425.85,"Gorstian","Southern",1.88340097324061,-7.34189007112371,0.352360281469751,1.19277482155989,2.57402712492132,0.0128061153365735,0.904973361669039,5,"grid_cell_all_cells_OLS","good","Southern",5,5,3.96e-09,52.5036487,52.50364869604,827,165.4,38,0.885173386342979,1.57102251789474,0.2,"reverse_LDG"
428.65,"Homerian","Southern",1.16392470967318,8.88278878773842,0.534237936542518,0.116818354049846,2.21103106529652,0.0414905165338146,0.191807344096334,22,"grid_cell_all_cells_OLS","good","Southern",22,8,14.29317888,54.19285767,39.89967879,3399,154.5,91.5,0.91096365519043,1.95881428035714,0.227272727272727,"reverse_LDG"
431.75,"Sheinwoodian","Southern",0.0432213801604508,38.1410616891331,0.628251788108282,-1.18815212453178,1.27459488485268,0.947387237152824,0.000788199398198519,8,"grid_cell_all_cells_OLS","good","Southern",8,5,9.565700708,59.89823747,50.332536762,1213,151.625,54.5,0.942826011879171,1.64400170327869,0.125,"reverse_LDG"
435.75,"Telychian","Southern",-0.2382136062946,34.1871779896205,0.543731663323697,-1.30392766640905,0.827500453819846,0.665394604787101,0.00827612066534761,25,"grid_cell_all_cells_OLS","good","Southern",25,10,7.268493843,45.6719095,38.403415657,4018,160.72,64,0.847889029529772,1.87807161578947,0.12,"normal_LDG"
439.55,"Aeronian","Southern",1.48762920387433,-1.03191433301964,0.301573393528504,0.896545352558461,2.0787130551902,0.00059339206120009,0.708738690887669,12,"grid_cell_all_cells_OLS","good","Southern",12,6,6.052551568,59.89823747,53.845685902,1254,104.5,59.5,0.808194481786713,1.92666515866667,0.0833333333333333,"reverse_LDG"
441.8,"Rhuddanian","Southern",0.839431350247403,21.187969576649,0.58340806576893,-0.304048458659701,1.98291115915451,0.167358077705546,0.103150763969768,20,"grid_cell_all_cells_OLS","good","Southern",20,8,2.9e-09,36.92314123,36.9231412271,2549,127.45,36.5,0.641785337713801,1.57524418384615,0.05,"reverse_LDG"
444.15,"Hirnantian","Southern",0.977256511589861,17.9095496164765,0.555198279524696,-0.110932116278542,2.06544513945826,0.0929343249104037,0.128568578736183,23,"grid_cell_all_cells_OLS","good","Southern",23,9,10.34652287,61.21236603,50.86584316,1655,71.9565217391304,44,0.906012462180246,1.78446293521739,0.130434782608696,"reverse_LDG"
449,"Katian","Southern",0.0651195104033471,21.2878656663161,0.142768444227872,-0.214706640283282,0.344945661089976,0.649801218146842,0.00314229557358343,68,"grid_cell_all_cells_OLS","good","Southern",68,16,1.204524051,85.16266202,83.958137969,17230,253.382352941176,95.5,0.669641943158925,1.98323877066667,0.102941176470588,"reverse_LDG"
455.5,"Sandbian","Southern",0.0146381059451805,31.3648760785677,0.187798502245586,-0.353446958456167,0.382723170346528,0.938176173650865,0.000119114220706875,53,"grid_cell_all_cells_OLS","good","Southern",53,15,1.204524051,82.57008594,81.365561889,13186,248.792452830189,86,0.804063599515482,1.94055872941176,0.150943396226415,"reverse_LDG"
463.8,"Darriwilian","Southern",0.101247116353216,18.7754458516807,0.0982263616334453,-0.091276552448337,0.293770785154768,0.307010621501535,0.0182984304503341,59,"grid_cell_all_cells_OLS","good","Southern",59,15,2.349398292,82.98845176,80.639053468,9182,155.627118644068,56,0.767212764066918,1.869993325,0.152542372881356,"reverse_LDG"
470.35,"Dapingian","Southern",-0.187569497384425,43.1454494454508,2.17816826158789,-4.45677929009668,4.08164029532783,0.934178039034455,0.00123439429536386,8,"grid_cell_all_cells_OLS","good","Southern",8,4,2.417243931,18.55569842,16.138454489,451,56.375,23.5,0.9574971099645,1.6993112212,0.125,"normal_LDG"
474.2,"Floian","Southern",0.300223215039202,12.0398134794477,0.153992645890151,-0.00160237090549264,0.602048800983897,0.0588341898370843,0.0931576744923304,39,"grid_cell_all_cells_OLS","good","Southern",39,15,3.635611878,82.98845176,79.352839882,2305,59.1025641025641,33,0.875709997881866,1.92666515866667,0.153846153846154,"reverse_LDG"
481.975,"Tremadocian","Southern",0.266879406671284,26.7663565981654,0.171751796479804,-0.0697541144291318,0.6035129277717,0.127546262850736,0.0531658785598539,45,"grid_cell_all_cells_OLS","good","Southern",45,17,2.2e-09,75.94987466,75.9498746578,3572,79.3777777777778,38,0.727527961360643,1.66400772828571,0.0666666666666667,"reverse_LDG"
